구분번호,발생년월,주야,시군구,사고내용,사망자수,중상자수,경상자수,부상신고자수,사고유형,법규위반,노면상태,기상상태,도로형태,가해운전자 차종,가해운전자 성별,가해운전자 연령대,가해운전자 상해정도,피해운전자 차종,피해운전자 성별,피해운전자 연령대,피해운전자 상해정도
2022094331,2022년 7월,주간,서울특별시 금천구,경상사고,0,0,1,0,차대차 - 기타,안전운전불이행,건조,맑음,교차로 - 교차로안,승용,남,65세 이상,상해없음,이륜,남,41-50세,경상
2022094424,2022년 7월,주간,서울특별시 금천구,경상사고,0,0,2,1,차대차 - 충돌,안전운전불이행,건조,맑음,단일로 - 기타,화물,남,61-64세,부상신고,승용,남,21-30세,경상
2022094527,2022년 7월,야간,서울특별시 금천구,경상사고,0,0,1,0,차대사람 - 기타,안전운전불이행,건조,맑음,교차로 - 교차로부근,승용,남,61-64세,상해없음,보행자,남,51-60세,경상
2022094635,2022년 7월,야간,서울특별시 금천구,중상사고,0,1,0,0,차대차 - 기타,안전운전불이행,건조,맑음,교차로 - 교차로안,이륜,여,65세 이상,중상,승용,남,65세 이상,상해없음
2022094675,2022년 7월,주간,서울특별시 금천구,경상사고,0,0,1,0,차대사람 - 보도통행중,기타,건조,맑음,기타 - 기타,기타불명,기타불명,기타불명,기타불명,보행자,여,21-30세,경상
2022094821,2022년 7월,주간,서울특별시 금천구,경상사고,0,0,1,0,차대차 - 기타,안전운전불이행,건조,맑음,교차로 - 교차로안,승용,여,65세 이상,상해없음,승용,여,41-50세,경상
2022094945,2022년 7월,주간,서울특별시 금천구,경상사고,0,0,1,0,차대차 - 충돌,안전거리미확보,건조,맑음,교차로 - 교차로안,승용,여,41-50세,기타불명,승용,남,31-40세,경상
2022095039,2022년 7월,야간,서울특별시 금천구,경상사고,0,0,1,0,차대사람 - 기타,안전운전불이행,건조,맑음,단일로 - 기타,승용,남,51-60세,상해없음,보행자,남,13-20세,경상
2022095040,2022년 7월,야간,서울특별시 금천구,경상사고,0,0,2,0,차대차 - 기타,안전운전불이행,건조,맑음,단일로 - 기타,승용,남,65세 이상,상해없음,승용,남,31-40세,경상
2022095298,2022년 7월,주간,서울특별시 금천구,경상사고,0,0,2,0,차대차 - 기타,안전거리미확보,건조,맑음,단일로 - 기타,승합,남,65세 이상,상해없음,승용,남,31-40세,경상
2022095483,2022년 7월,주간,서울특별시 금천구,중상사고,0,1,0,0,차대차 - 기타,신호위반,건조,맑음,단일로 - 기타,승용,남,31-40세,상해없음,이륜,남,31-40세,중상
2022095659,2022년 7월,야간,서울특별시 금천구,경상사고,0,0,2,0,차대차 - 기타,안전운전불이행,건조,맑음,교차로 - 교차로부근,이륜,남,21-30세,상해없음,이륜,남,51-60세,경상
2022095930,2022년 7월,주간,서울특별시 금천구,경상사고,0,0,1,0,차대차 - 기타,안전운전불이행,건조,맑음,단일로 - 기타,화물,남,61-64세,상해없음,승용,남,31-40세,경상
2022096194,2022년 7월,야간,서울특별시 금천구,중상사고,0,2,0,0,차대차 - 충돌,신호위반,건조,맑음,교차로 - 교차로안,화물,남,51-60세,상해없음,승용,남,41-50세,중상
2022096346,2022년 7월,주간,서울특별시 금천구,경상사고,0,0,1,0,차대차 - 기타,안전운전불이행,건조,맑음,단일로 - 기타,승용,남,31-40세,상해없음,화물,남,21-30세,경상
2022096637,2022년 7월,주간,서울특별시 금천구,경상사고,0,0,1,0,차대사람 - 횡단중,신호위반,젖음/습기,맑음,단일로 - 기타,이륜,남,21-30세,상해없음,보행자,여,12세 이하,경상
2022096816,2022년 7월,야간,서울특별시 금천구,중상사고,0,1,1,0,차대차 - 추돌,안전운전불이행,건조,맑음,단일로 - 기타,이륜,남,51-60세,중상,승용,남,65세 이상,경상
2022096951,2022년 7월,주간,서울특별시 금천구,중상사고,0,1,0,0,차대차 - 기타,안전운전불이행,건조,맑음,단일로 - 기타,자전거,여,65세 이상,중상,승합,남,41-50세,상해없음
2022096991,2022년 7월,주간,서울특별시 금천구,중상사고,0,1,0,0,차대사람 - 기타,안전운전불이행,건조,맑음,교차로 - 교차로부근,승용,남,51-60세,상해없음,보행자,여,13-20세,중상
2022097337,2022년 7월,야간,서울특별시 금천구,경상사고,0,0,1,0,차대차 - 기타,안전운전불이행,건조,맑음,교차로 - 교차로안,승용,남,31-40세,상해없음,승용,남,51-60세,경상
2022097597,2022년 7월,주간,서울특별시 금천구,경상사고,0,0,1,0,차대차 - 기타,안전운전불이행,건조,맑음,단일로 - 기타,승용,남,65세 이상,경상,승용,기타불명,기타불명,기타불명
2022097704,2022년 7월,주간,서울특별시 금천구,경상사고,0,0,2,0,차대차 - 기타,안전거리미확보,건조,맑음,단일로 - 기타,승용,여,21-30세,상해없음,승용,남,31-40세,경상
2022097857,2022년 7월,주간,서울특별시 금천구,경상사고,0,0,1,0,차대사람 - 기타,안전운전불이행,건조,맑음,단일로 - 기타,승용,남,61-64세,상해없음,보행자,여,21-30세,경상
2022098123,2022년 7월,야간,서울특별시 금천구,경상사고,0,0,2,0,차대차 - 충돌,신호위반,건조,맑음,교차로 - 교차로안,승용,여,41-50세,경상,승용,남,21-30세,경상
2022098261,2022년 7월,주간,서울특별시 금천구,경상사고,0,0,2,0,차대차 - 기타,안전운전불이행,건조,맑음,기타 - 기타,승용,남,61-64세,기타불명,승용,남,65세 이상,경상
2022098342,2022년 7월,주간,서울특별시 금천구,경상사고,0,0,2,0,차대차 - 충돌,안전운전불이행,건조,맑음,단일로 - 기타,승용,남,61-64세,상해없음,승용,남,31-40세,경상
2022098470,2022년 7월,야간,서울특별시 금천구,중상사고,0,1,0,0,차대사람 - 기타,안전운전불이행,건조,맑음,단일로 - 기타,승용,남,41-50세,상해없음,보행자,남,41-50세,중상
2022098614,2022년 7월,주간,서울특별시 금천구,경상사고,0,0,1,1,차대차 - 추돌,안전운전불이행,건조,맑음,교차로 - 교차로부근,자전거,남,31-40세,부상신고,승용,남,21-30세,경상
2022099115,2022년 7월,주간,서울특별시 금천구,중상사고,0,1,1,0,차대차 - 충돌,안전운전불이행,건조,맑음,교차로 - 교차로안,원동기,남,65세 이상,경상,승용,여,41-50세,상해없음
2022099391,2022년 7월,주간,서울특별시 금천구,경상사고,0,0,1,0,차대차 - 기타,안전운전불이행,건조,맑음,단일로 - 기타,승합,남,65세 이상,상해없음,승합,남,65세 이상,상해없음
2022099569,2022년 7월,야간,서울특별시 금천구,부상신고사고,0,0,0,1,차대차 - 기타,기타,건조,맑음,단일로 - 기타,승용,남,31-40세,상해없음,원동기,남,41-50세,부상신고
2022099600,2022년 7월,야간,서울특별시 금천구,경상사고,0,0,1,0,차대차 - 기타,안전운전불이행,젖음/습기,비,교차로 - 교차로부근,이륜,남,21-30세,경상,승용,남,65세 이상,상해없음
2022099636,2022년 7월,주간,서울특별시 금천구,부상신고사고,0,0,0,1,차대차 - 충돌,신호위반,건조,맑음,단일로 - 기타,자전거,남,20세 이하,부상신고,승용,여,41-50세,상해없음
2022099679,2022년 7월,주간,서울특별시 금천구,사망사고,1,0,0,0,차대차 - 기타,중앙선침범,젖음/습기,비,단일로 - 기타,화물,남,65세 이상,사망,승용,남,65세 이상,상해없음
2022099948,2022년 7월,야간,서울특별시 금천구,경상사고,0,0,1,0,차대차 - 기타,안전운전불이행,젖음/습기,비,단일로 - 기타,승용,여,51-60세,상해없음,승용,여,31-40세,경상
2022100022,2022년 7월,야간,서울특별시 금천구,경상사고,0,0,1,0,차대차 - 기타,안전거리미확보,건조,맑음,단일로 - 기타,승용,남,65세 이상,상해없음,승용,여,41-50세,경상
2022100878,2022년 7월,주간,서울특별시 금천구,부상신고사고,0,0,0,1,차대사람 - 횡단중,보행자보호의무위반,건조,맑음,교차로 - 교차로횡단보도내,기타불명,기타불명,기타불명,기타불명,보행자,여,65세 이상,부상신고
2022101164,2022년 7월,야간,서울특별시 금천구,경상사고,0,0,2,0,차량단독 - 기타,안전운전불이행,건조,맑음,교차로 - 교차로안,승용,남,61-64세,상해없음,,,,
2022101378,2022년 7월,야간,서울특별시 금천구,중상사고,0,1,1,0,차대차 - 기타,안전운전불이행,건조,맑음,교차로 - 교차로부근,승용,남,51-60세,상해없음,승용,남,41-50세,중상
2022101491,2022년 7월,주간,서울특별시 금천구,경상사고,0,0,1,0,차대차 - 충돌,신호위반,건조,맑음,교차로 - 교차로안,화물,남,51-60세,상해없음,승용,남,21-30세,경상
2022101492,2022년 7월,주간,서울특별시 금천구,중상사고,0,1,0,0,차대차 - 기타,신호위반,건조,맑음,단일로 - 기타,개인형이동수단(PM),남,51-60세,중상,화물,남,21-30세,상해없음
2022101731,2022년 7월,주간,서울특별시 금천구,경상사고,0,0,1,0,차대차 - 기타,안전운전불이행,건조,맑음,단일로 - 기타,승용,남,41-50세,상해없음,이륜,남,41-50세,경상
2022101796,2022년 7월,야간,서울특별시 금천구,중상사고,0,1,1,0,차대차 - 기타,안전운전불이행,건조,맑음,단일로 - 기타,승합,남,61-64세,상해없음,승용,여,21-30세,중상
2022101960,2022년 7월,야간,서울특별시 금천구,경상사고,0,0,1,0,차대차 - 기타,신호위반,건조,맑음,교차로 - 교차로안,승용,남,41-50세,상해없음,승용,남,41-50세,경상
2022102068,2022년 7월,주간,서울특별시 금천구,부상신고사고,0,0,0,1,차대차 - 충돌,안전운전불이행,건조,맑음,단일로 - 기타,승용,남,41-50세,상해없음,자전거,남,65세 이상,부상신고
2022102096,2022년 7월,주간,서울특별시 금천구,경상사고,0,0,1,0,차대사람 - 기타,보행자보호의무위반,건조,맑음,교차로 - 교차로안,승용,여,51-60세,상해없음,보행자,여,21-30세,경상
2022102121,2022년 7월,주간,서울특별시 금천구,중상사고,0,1,0,0,차대차 - 기타,안전운전불이행,건조,맑음,기타 - 기타,승용,남,41-50세,상해없음,이륜,남,65세 이상,중상
2022102263,2022년 7월,야간,서울특별시 금천구,경상사고,0,0,1,0,차대사람 - 기타,안전운전불이행,건조,맑음,단일로 - 기타,승용,남,65세 이상,상해없음,보행자,여,21-30세,경상
2022102378,2022년 7월,주간,서울특별시 금천구,경상사고,0,0,1,0,차대차 - 기타,안전운전불이행,건조,맑음,교차로 - 교차로횡단보도내,자전거,여,51-60세,경상,화물,남,41-50세,상해없음
2022102389,2022년 7월,주간,서울특별시 금천구,경상사고,0,0,1,0,차대차 - 기타,신호위반,건조,맑음,교차로 - 교차로안,승용,남,65세 이상,상해없음,승용,여,31-40세,경상
2022102710,2022년 7월,주간,서울특별시 금천구,경상사고,0,0,1,0,차대차 - 기타,신호위반,건조,맑음,교차로 - 교차로안,승용,남,41-50세,상해없음,이륜,남,21-30세,경상
2022103047,2022년 7월,주간,서울특별시 금천구,경상사고,0,0,1,0,차대차 - 추돌,안전운전불이행,건조,맑음,단일로 - 기타,화물,남,65세 이상,상해없음,승용,남,51-60세,경상
2022103217,2022년 7월,주간,서울특별시 금천구,부상신고사고,0,0,0,1,차대차 - 추돌,안전운전불이행,건조,맑음,단일로 - 기타,승용,남,61-64세,상해없음,승용,남,13-20세,부상신고
2022103297,2022년 7월,야간,서울특별시 금천구,중상사고,0,1,0,0,차대차 - 충돌,안전운전불이행,건조,맑음,단일로 - 기타,승용,남,41-50세,상해없음,이륜,남,41-50세,중상
2022103335,2022년 7월,야간,서울특별시 금천구,부상신고사고,0,0,0,1,차대사람 - 보도통행중,기타,건조,맑음,기타 - 기타,자전거,기타불명,기타불명,기타불명,보행자,남,51-60세,부상신고
2022103438,2022년 7월,야간,서울특별시 금천구,중상사고,0,1,0,0,차대사람 - 기타,안전운전불이행,건조,맑음,단일로 - 기타,승합,남,31-40세,상해없음,보행자,여,41-50세,중상
2022104076,2022년 7월,야간,서울특별시 금천구,경상사고,0,0,1,0,차대차 - 충돌,기타,젖음/습기,비,교차로 - 교차로안,승용,남,31-40세,상해없음,이륜,남,41-50세,경상
2022104510,2022년 7월,야간,서울특별시 금천구,경상사고,0,0,2,0,차대차 - 추돌,안전운전불이행,건조,맑음,단일로 - 기타,승용,남,51-60세,상해없음,승용,남,41-50세,경상
2022104588,2022년 7월,야간,서울특별시 금천구,경상사고,0,0,1,0,차대차 - 기타,안전운전불이행,건조,맑음,교차로 - 교차로부근,승용,남,31-40세,상해없음,승용,남,51-60세,경상
2022104728,2022년 7월,주간,서울특별시 금천구,경상사고,0,0,1,0,차대차 - 기타,안전거리미확보,건조,맑음,단일로 - 기타,승용,남,51-60세,상해없음,승용,남,31-40세,경상
2022105825,2022년 7월,주간,서울특별시 금천구,경상사고,0,0,1,0,차대사람 - 횡단중,안전운전불이행,건조,맑음,단일로 - 기타,승용,여,65세 이상,상해없음,보행자,남,51-60세,경상
2022106538,2022년 7월,야간,서울특별시 금천구,경상사고,0,0,1,0,차대차 - 충돌,안전운전불이행,건조,맑음,교차로 - 교차로안,승용,여,51-60세,상해없음,개인형이동수단(PM),남,21-30세,경상
2022106539,2022년 7월,야간,서울특별시 금천구,경상사고,0,0,1,0,차대차 - 기타,안전운전불이행,건조,맑음,단일로 - 기타,화물,남,51-60세,상해없음,사륜오토바이(ATV),남,21-30세,경상
2022106974,2022년 7월,주간,서울특별시 금천구,경상사고,0,0,1,0,차대차 - 기타,안전운전불이행,건조,맑음,교차로 - 교차로부근,화물,남,51-60세,상해없음,승용,여,51-60세,경상
2022107498,2022년 7월,주간,서울특별시 금천구,경상사고,0,0,1,0,차대차 - 기타,안전운전불이행,건조,맑음,교차로 - 교차로안,개인형이동수단(PM),여,21-30세,상해없음,이륜,남,51-60세,경상
2022107943,2022년 7월,주간,서울특별시 금천구,부상신고사고,0,0,0,1,차대사람 - 기타,안전운전불이행,건조,맑음,단일로 - 기타,개인형이동수단(PM),여,41-50세,부상신고,보행자,남,41-50세,상해없음
2022107988,2022년 7월,주간,서울특별시 금천구,경상사고,0,0,1,0,차대사람 - 기타,안전운전불이행,건조,맑음,단일로 - 기타,승용,남,61-64세,상해없음,보행자,여,61-64세,경상
2022108575,2022년 7월,주간,서울특별시 금천구,경상사고,0,0,1,0,차대차 - 충돌,안전거리미확보,건조,흐림,단일로 - 기타,승용,여,41-50세,상해없음,특수,남,41-50세,경상
2022108616,2022년 7월,주간,서울특별시 금천구,경상사고,0,0,3,0,차대차 - 추돌,안전거리미확보,건조,맑음,단일로 - 기타,승용,여,20세 이하,상해없음,승용,여,65세 이상,경상
2022109051,2022년 7월,야간,서울특별시 금천구,경상사고,0,0,1,0,차대차 - 기타,안전거리미확보,건조,맑음,단일로 - 기타,승용,남,31-40세,상해없음,승용,남,41-50세,경상
2022109289,2022년 7월,주간,서울특별시 금천구,경상사고,0,0,2,0,차대차 - 충돌,안전거리미확보,건조,맑음,단일로 - 기타,승용,남,51-60세,상해없음,승용,남,41-50세,경상
2022109416,2022년 7월,야간,서울특별시 금천구,경상사고,0,0,1,0,차대차 - 기타,기타,건조,맑음,단일로 - 기타,승용,남,51-60세,상해없음,원동기,남,65세 이상,경상
2022109417,2022년 7월,야간,서울특별시 금천구,중상사고,0,1,0,0,차대사람 - 기타,기타,건조,맑음,기타 - 기타,승합,남,65세 이상,상해없음,보행자,여,51-60세,중상
2022109558,2022년 7월,야간,서울특별시 금천구,경상사고,0,0,1,0,차대차 - 기타,안전운전불이행,건조,맑음,교차로 - 교차로안,승용,남,31-40세,상해없음,승용,남,61-64세,경상
2022109719,2022년 7월,주간,서울특별시 금천구,중상사고,0,1,0,0,차량단독 - 기타,안전운전불이행,건조,맑음,단일로 - 터널,이륜,남,31-40세,중상,,,,
2022109741,2022년 7월,주간,서울특별시 금천구,중상사고,0,1,0,0,차대차 - 충돌,안전운전불이행,건조,맑음,교차로 - 교차로안,이륜,남,51-60세,중상,승용,남,31-40세,상해없음
2022110179,2022년 8월,주간,서울특별시 금천구,경상사고,0,0,1,0,차대차 - 기타,안전운전불이행,건조,맑음,교차로 - 교차로안,승용,남,65세 이상,상해없음,화물,남,61-64세,경상
2022110328,2022년 8월,주간,서울특별시 금천구,경상사고,0,0,1,0,차대차 - 충돌,안전거리미확보,건조,맑음,단일로 - 기타,승용,남,41-50세,상해없음,승용,여,21-30세,경상
2022110369,2022년 8월,야간,서울특별시 금천구,경상사고,0,0,1,0,차대차 - 기타,안전운전불이행,건조,맑음,단일로 - 기타,승용,남,31-40세,상해없음,승용,남,41-50세,경상
2022110699,2022년 8월,주간,서울특별시 금천구,경상사고,0,0,1,0,차대사람 - 기타,안전운전불이행,건조,맑음,단일로 - 기타,승합,여,41-50세,상해없음,보행자,여,61-64세,경상
2022110973,2022년 8월,야간,서울특별시 금천구,경상사고,0,0,2,0,차대차 - 추돌,안전운전불이행,건조,맑음,단일로 - 기타,승합,남,51-60세,상해없음,승용,남,65세 이상,경상
2022110997,2022년 8월,야간,서울특별시 금천구,경상사고,0,0,1,0,차대사람 - 횡단중,보행자보호의무위반,젖음/습기,비,교차로 - 교차로횡단보도내,화물,남,41-50세,상해없음,보행자,여,31-40세,경상
2022111043,2022년 8월,야간,서울특별시 금천구,경상사고,0,0,1,0,차대차 - 기타,안전운전불이행,젖음/습기,비,단일로 - 기타,자전거,남,41-50세,경상,이륜,남,41-50세,상해없음
2022111055,2022년 8월,야간,서울특별시 금천구,경상사고,0,0,1,0,차대차 - 추돌,안전운전불이행,젖음/습기,비,교차로 - 교차로부근,승용,남,65세 이상,상해없음,화물,남,31-40세,경상
2022111115,2022년 8월,주간,서울특별시 금천구,경상사고,0,0,2,0,차대차 - 기타,안전운전불이행,젖음/습기,비,교차로 - 교차로안,화물,남,51-60세,경상,승용,여,41-50세,경상
2022111545,2022년 8월,야간,서울특별시 금천구,경상사고,0,0,1,0,차대차 - 충돌,안전거리미확보,건조,맑음,단일로 - 기타,승용,남,41-50세,상해없음,승용,남,31-40세,경상
2022112697,2022년 8월,야간,서울특별시 금천구,경상사고,0,0,1,0,차대차 - 기타,신호위반,건조,맑음,교차로 - 교차로부근,승용,남,31-40세,상해없음,승용,남,65세 이상,경상
2022113018,2022년 8월,야간,서울특별시 금천구,경상사고,0,0,1,0,차대사람 - 기타,안전운전불이행,건조,맑음,기타 - 기타,승용,남,51-60세,상해없음,보행자,남,13-20세,경상
2022113235,2022년 8월,주간,서울특별시 금천구,경상사고,0,0,1,0,차대차 - 기타,안전운전불이행,건조,맑음,단일로 - 기타,승용,남,21-30세,상해없음,승용,남,21-30세,경상
2022113369,2022년 8월,주간,서울특별시 금천구,경상사고,0,0,1,0,차대사람 - 횡단중,보행자보호의무위반,건조,맑음,교차로 - 교차로횡단보도내,화물,남,65세 이상,상해없음,보행자,남,51-60세,경상
2022113547,2022년 8월,주간,서울특별시 금천구,경상사고,0,0,2,0,차대차 - 기타,신호위반,젖음/습기,흐림,교차로 - 교차로안,승합,남,21-30세,상해없음,승합,남,51-60세,경상
2022113699,2022년 8월,주간,서울특별시 금천구,경상사고,0,0,3,0,차대차 - 충돌,안전거리미확보,젖음/습기,비,교차로 - 교차로부근,화물,남,65세 이상,상해없음,승용,남,41-50세,경상
2022113941,2022년 8월,야간,서울특별시 금천구,경상사고,0,0,1,0,차대사람 - 기타,안전운전불이행,젖음/습기,비,교차로 - 교차로안,승용,남,51-60세,상해없음,보행자,남,13-20세,경상
2022114419,2022년 8월,야간,서울특별시 금천구,경상사고,0,0,1,0,차대사람 - 횡단중,신호위반,젖음/습기,비,교차로 - 교차로횡단보도내,승용,남,51-60세,상해없음,보행자,여,21-30세,경상
2022114698,2022년 8월,주간,서울특별시 금천구,경상사고,0,0,1,0,차대사람 - 기타,안전운전불이행,건조,맑음,교차로 - 교차로안,기타불명,기타불명,기타불명,기타불명,보행자,여,21-30세,경상
2022114810,2022년 8월,주간,서울특별시 금천구,경상사고,0,0,1,0,차대차 - 기타,안전운전불이행,건조,맑음,교차로 - 교차로안,승용,남,51-60세,상해없음,승용,여,31-40세,경상
2022114875,2022년 8월,야간,서울특별시 금천구,경상사고,0,0,3,0,차대차 - 기타,안전운전불이행,건조,맑음,단일로 - 기타,승용,남,61-64세,상해없음,승용,남,31-40세,경상
2022115333,2022년 8월,주간,서울특별시 금천구,중상사고,0,1,0,0,차대차 - 기타,안전운전불이행,건조,맑음,교차로 - 교차로안,승용,남,65세 이상,상해없음,승용,여,31-40세,중상
2022116050,2022년 8월,야간,서울특별시 금천구,중상사고,0,1,0,0,차대사람 - 기타,기타,건조,맑음,단일로 - 기타,승합,남,51-60세,상해없음,보행자,여,65세 이상,중상
2022116111,2022년 8월,야간,서울특별시 금천구,경상사고,0,0,1,0,차대사람 - 기타,안전운전불이행,건조,맑음,단일로 - 기타,개인형이동수단(PM),남,21-30세,상해없음,보행자,여,31-40세,경상
2022116868,2022년 8월,주간,서울특별시 금천구,경상사고,0,0,1,0,차대차 - 기타,신호위반,건조,맑음,교차로 - 교차로안,승용,여,41-50세,상해없음,이륜,남,31-40세,경상
2022117381,2022년 8월,야간,서울특별시 금천구,경상사고,0,0,2,0,차대차 - 기타,안전운전불이행,건조,맑음,단일로 - 기타,승용,남,51-60세,상해없음,승용,남,21-30세,경상
2022117751,2022년 8월,주간,서울특별시 금천구,경상사고,0,0,1,0,차대차 - 기타,안전거리미확보,건조,맑음,단일로 - 기타,승용,남,31-40세,상해없음,승용,남,61-64세,경상
2022117813,2022년 8월,주간,서울특별시 금천구,경상사고,0,0,1,0,차대사람 - 기타,안전운전불이행,건조,맑음,단일로 - 기타,승용,여,65세 이상,상해없음,보행자,여,51-60세,경상
2022117851,2022년 8월,야간,서울특별시 금천구,부상신고사고,0,0,0,1,차대사람 - 기타,안전운전불이행,건조,맑음,단일로 - 기타,기타불명,기타불명,기타불명,기타불명,보행자,남,21-30세,부상신고
2022118025,2022년 8월,야간,서울특별시 금천구,경상사고,0,0,1,0,차대차 - 기타,안전운전불이행,건조,맑음,교차로 - 교차로안,이륜,남,21-30세,상해없음,이륜,남,21-30세,경상
2022118382,2022년 8월,주간,서울특별시 금천구,경상사고,0,0,1,0,차대사람 - 횡단중,보행자보호의무위반,건조,맑음,교차로 - 교차로횡단보도내,화물,남,51-60세,상해없음,보행자,남,65세 이상,경상
2022118552,2022년 8월,야간,서울특별시 금천구,경상사고,0,0,1,0,차대사람 - 기타,안전운전불이행,건조,맑음,단일로 - 기타,승용,남,41-50세,상해없음,보행자,여,51-60세,경상
2022118858,2022년 8월,주간,서울특별시 금천구,경상사고,0,0,1,0,차대차 - 기타,안전운전불이행,건조,맑음,교차로 - 교차로안,승용,여,21-30세,경상,승합,남,51-60세,상해없음
2022119019,2022년 8월,야간,서울특별시 금천구,경상사고,0,0,1,0,차대사람 - 기타,안전운전불이행,건조,맑음,단일로 - 기타,승용,남,21-30세,상해없음,보행자,여,13-20세,경상
2022119062,2022년 8월,야간,서울특별시 금천구,경상사고,0,0,1,1,차대차 - 기타,안전거리미확보,건조,맑음,단일로 - 기타,승용,여,41-50세,상해없음,승용,여,21-30세,경상
2022119212,2022년 8월,주간,서울특별시 금천구,경상사고,0,0,1,0,차대차 - 기타,신호위반,건조,맑음,교차로 - 교차로안,승용,남,51-60세,상해없음,화물,남,51-60세,경상
2022119246,2022년 8월,주간,서울특별시 금천구,경상사고,0,0,1,0,차량단독 - 기타,안전운전불이행,건조,맑음,단일로 - 기타,승합,남,51-60세,상해없음,,,,
2022119791,2022년 8월,야간,서울특별시 금천구,부상신고사고,0,0,0,1,차대차 - 충돌,안전운전불이행,젖음/습기,비,단일로 - 기타,이륜,남,21-30세,부상신고,승용,남,41-50세,상해없음
2022119969,2022년 8월,주간,서울특별시 금천구,경상사고,0,0,3,0,차대차 - 추돌,안전운전불이행,건조,맑음,단일로 - 기타,특수,남,51-60세,상해없음,승용,남,31-40세,경상
2022120069,2022년 8월,주간,서울특별시 금천구,경상사고,0,0,6,0,차대차 - 기타,안전운전불이행,건조,맑음,단일로 - 기타,승용,남,51-60세,상해없음,승용,남,41-50세,경상
2022120110,2022년 8월,주간,서울특별시 금천구,경상사고,0,0,2,0,차대차 - 기타,안전운전불이행,건조,맑음,교차로 - 교차로안,화물,남,51-60세,기타불명,승용,여,41-50세,경상
2022120144,2022년 8월,주간,서울특별시 금천구,경상사고,0,0,3,0,차대차 - 충돌,기타,건조,맑음,단일로 - 기타,화물,남,51-60세,경상,승용,여,31-40세,경상
2022120185,2022년 8월,주간,서울특별시 금천구,경상사고,0,0,1,0,차대차 - 기타,안전운전불이행,건조,맑음,단일로 - 기타,승용,남,65세 이상,상해없음,이륜,남,41-50세,경상
2022120220,2022년 8월,야간,서울특별시 금천구,경상사고,0,0,1,0,차대사람 - 기타,안전운전불이행,건조,맑음,단일로 - 기타,승용,남,21-30세,상해없음,보행자,남,51-60세,경상
2022120646,2022년 8월,주간,서울특별시 금천구,중상사고,0,1,1,0,차대차 - 충돌,안전운전불이행,건조,맑음,교차로 - 교차로안,이륜,남,31-40세,중상,자전거,남,61-64세,경상
2022121091,2022년 8월,주간,서울특별시 금천구,경상사고,0,0,1,0,차량단독 - 기타,기타,건조,맑음,단일로 - 기타,승합,남,31-40세,상해없음,,,,
2022121328,2022년 8월,야간,서울특별시 금천구,중상사고,0,1,0,0,차대사람 - 기타,안전운전불이행,건조,맑음,교차로 - 교차로안,승합,남,65세 이상,기타불명,보행자,남,51-60세,중상
2022121490,2022년 8월,주간,서울특별시 금천구,중상사고,0,1,0,0,차대사람 - 횡단중,안전운전불이행,건조,맑음,단일로 - 기타,승용,남,21-30세,상해없음,보행자,여,65세 이상,중상
2022121859,2022년 8월,야간,서울특별시 금천구,경상사고,0,0,2,0,차대차 - 기타,신호위반,건조,맑음,교차로 - 교차로안,이륜,남,20세 이하,경상,승용,남,21-30세,경상
2022121941,2022년 8월,야간,서울특별시 금천구,경상사고,0,0,2,0,차대차 - 기타,신호위반,건조,맑음,단일로 - 기타,승용,남,61-64세,상해없음,승용,여,21-30세,경상
2022121974,2022년 8월,야간,서울특별시 금천구,중상사고,0,1,0,0,차대차 - 기타,안전운전불이행,건조,맑음,단일로 - 기타,이륜,여,61-64세,상해없음,이륜,남,21-30세,중상
2022122167,2022년 8월,주간,서울특별시 금천구,중상사고,0,1,0,0,차대사람 - 횡단중,안전운전불이행,건조,맑음,단일로 - 기타,승용,남,61-64세,상해없음,보행자,여,41-50세,중상
2022122288,2022년 8월,주간,서울특별시 금천구,중상사고,0,1,0,0,차대차 - 기타,안전운전불이행,건조,맑음,단일로 - 기타,화물,남,65세 이상,상해없음,원동기,남,13-20세,중상
2022122495,2022년 8월,야간,서울특별시 금천구,경상사고,0,0,1,0,차대차 - 추돌,안전운전불이행,건조,맑음,교차로 - 교차로부근,승용,남,41-50세,상해없음,이륜,남,31-40세,경상
2022122583,2022년 8월,주간,서울특별시 금천구,경상사고,0,0,1,0,차대차 - 기타,안전거리미확보,건조,맑음,단일로 - 기타,화물,남,31-40세,상해없음,화물,남,51-60세,경상
2022122689,2022년 8월,주간,서울특별시 금천구,경상사고,0,0,1,0,차량단독 - 기타,기타,건조,맑음,단일로 - 기타,승합,남,51-60세,상해없음,,,,