구분번호,발생년월,주야,시군구,사고내용,사망자수,중상자수,경상자수,부상신고자수,사고유형,법규위반,노면상태,기상상태,도로형태,가해운전자 차종,가해운전자 성별,가해운전자 연령대,가해운전자 상해정도,피해운전자 차종,피해운전자 성별,피해운전자 연령대,피해운전자 상해정도
2022187736,2022년 12월,주간,서울특별시 금천구,경상사고,0,0,2,0,차대차 - 기타,안전운전불이행,건조,맑음,단일로 - 기타,승합,남,51-60세,상해없음,승용,남,41-50세,경상
2022187998,2022년 12월,야간,서울특별시 금천구,경상사고,0,0,1,0,차대차 - 기타,안전운전불이행,건조,맑음,단일로 - 기타,승용,남,31-40세,상해없음,승용,여,21-30세,경상
2022188079,2022년 12월,야간,서울특별시 금천구,중상사고,0,1,1,0,차대사람 - 기타,보행자보호의무위반,건조,맑음,교차로 - 교차로횡단보도내,승용,여,61-64세,상해없음,보행자,여,65세 이상,중상
2022188374,2022년 12월,주간,서울특별시 금천구,경상사고,0,0,1,0,차대차 - 추돌,안전거리미확보,건조,맑음,단일로 - 기타,화물,남,21-30세,상해없음,승용,남,61-64세,경상
2022188619,2022년 12월,야간,서울특별시 금천구,경상사고,0,0,1,0,차대차 - 기타,기타,건조,맑음,단일로 - 기타,승합,남,51-60세,기타불명,승용,남,41-50세,경상
2022189111,2022년 12월,야간,서울특별시 금천구,경상사고,0,0,2,0,차대차 - 충돌,신호위반,건조,흐림,단일로 - 기타,승용,남,51-60세,상해없음,승용,남,21-30세,경상
2022189142,2022년 12월,야간,서울특별시 금천구,경상사고,0,0,1,0,차대차 - 추돌,안전운전불이행,건조,맑음,단일로 - 기타,승용,남,41-50세,상해없음,승용,여,51-60세,경상
2022189218,2022년 12월,야간,서울특별시 금천구,경상사고,0,0,1,0,차대차 - 추돌,안전운전불이행,건조,맑음,단일로 - 기타,승합,남,51-60세,상해없음,특수,남,51-60세,경상
2022189219,2022년 12월,야간,서울특별시 금천구,경상사고,0,0,4,0,차대차 - 추돌,안전거리미확보,건조,흐림,단일로 - 기타,승용,남,51-60세,경상,승용,남,61-64세,경상
2022189253,2022년 12월,야간,서울특별시 금천구,중상사고,0,1,0,0,차대사람 - 횡단중,안전운전불이행,건조,맑음,기타 - 기타,승용,남,41-50세,상해없음,보행자,여,51-60세,중상
2022189275,2022년 12월,야간,서울특별시 금천구,경상사고,0,0,2,0,차대차 - 기타,안전운전불이행,건조,맑음,교차로 - 교차로안,승용,남,51-60세,상해없음,원동기,남,21-30세,경상
2022189295,2022년 12월,야간,서울특별시 금천구,경상사고,0,0,1,0,차대차 - 추돌,안전운전불이행,건조,맑음,단일로 - 기타,승용,남,21-30세,상해없음,승용,남,65세 이상,경상
2022189320,2022년 12월,주간,서울특별시 금천구,경상사고,0,0,2,0,차대차 - 기타,안전운전불이행,서리/결빙,맑음,교차로 - 교차로안,승용,여,51-60세,경상,승용,여,31-40세,경상
2022189339,2022년 12월,주간,서울특별시 금천구,경상사고,0,0,4,0,차대차 - 추돌,안전거리미확보,건조,맑음,단일로 - 터널,승용,남,31-40세,경상,승용,여,41-50세,경상
2022189467,2022년 12월,주간,서울특별시 금천구,중상사고,0,1,0,0,차대차 - 추돌,안전운전불이행,서리/결빙,흐림,단일로 - 고가도로위,승용,남,41-50세,상해없음,승용,남,21-30세,중상
2022190412,2022년 12월,주간,서울특별시 금천구,경상사고,0,0,1,0,차대차 - 기타,안전운전불이행,젖음/습기,흐림,단일로 - 기타,승합,남,41-50세,상해없음,이륜,남,21-30세,경상
2022190635,2022년 12월,주간,서울특별시 금천구,경상사고,0,0,1,0,차대차 - 기타,안전거리미확보,건조,맑음,단일로 - 기타,승용,남,61-64세,상해없음,원동기,남,31-40세,경상
2022190678,2022년 12월,야간,서울특별시 금천구,경상사고,0,0,2,0,차대차 - 충돌,안전운전불이행,건조,맑음,교차로 - 교차로안,승용,남,31-40세,상해없음,승용,남,51-60세,경상
2022191161,2022년 12월,주간,서울특별시 금천구,경상사고,0,0,1,0,차대차 - 기타,중앙선침범,젖음/습기,흐림,단일로 - 기타,자전거,남,65세 이상,경상,승용,남,65세 이상,상해없음
2022191497,2022년 12월,주간,서울특별시 금천구,경상사고,0,0,1,0,차대차 - 기타,안전운전불이행,건조,맑음,교차로 - 교차로안,승용,남,51-60세,상해없음,승용,여,51-60세,경상
2022191517,2022년 12월,주간,서울특별시 금천구,경상사고,0,0,1,1,차대차 - 충돌,안전운전불이행,건조,맑음,교차로 - 교차로안,승용,남,41-50세,부상신고,승용,남,31-40세,경상
2022191822,2022년 12월,야간,서울특별시 금천구,경상사고,0,0,1,0,차대사람 - 기타,보행자보호의무위반,건조,맑음,단일로 - 기타,승용,남,65세 이상,상해없음,보행자,여,41-50세,경상
2022191823,2022년 12월,야간,서울특별시 금천구,경상사고,0,0,7,0,차대차 - 추돌,안전운전불이행,건조,맑음,단일로 - 기타,승용,남,41-50세,상해없음,승용,남,61-64세,경상
2022191880,2022년 12월,야간,서울특별시 금천구,경상사고,0,0,2,0,차대차 - 추돌,안전운전불이행,건조,맑음,단일로 - 기타,승용,남,31-40세,상해없음,승용,남,31-40세,경상
2022192023,2022년 12월,주간,서울특별시 금천구,경상사고,0,0,1,0,차대사람 - 횡단중,안전운전불이행,건조,맑음,단일로 - 기타,이륜,남,51-60세,상해없음,보행자,여,65세 이상,경상
2022192090,2022년 12월,주간,서울특별시 금천구,경상사고,0,0,1,0,차대차 - 추돌,안전운전불이행,건조,맑음,단일로 - 기타,승용,남,21-30세,상해없음,승용,남,21-30세,경상
2022192154,2022년 12월,주간,서울특별시 금천구,경상사고,0,0,1,0,차대차 - 기타,안전운전불이행,건조,맑음,교차로 - 교차로안,승용,남,51-60세,상해없음,승용,여,31-40세,경상
2022193086,2022년 12월,주간,서울특별시 금천구,경상사고,0,0,1,0,차대차 - 기타,안전운전불이행,건조,맑음,교차로 - 교차로안,승용,남,65세 이상,상해없음,승합,여,61-64세,상해없음
2022193259,2022년 12월,야간,서울특별시 금천구,경상사고,0,0,1,0,차대차 - 기타,안전거리미확보,건조,맑음,단일로 - 기타,승합,남,51-60세,상해없음,승용,남,65세 이상,상해없음
2022193454,2022년 12월,주간,서울특별시 금천구,부상신고사고,0,0,0,2,차대차 - 충돌,안전운전불이행,건조,맑음,교차로 - 교차로안,자전거,남,65세 이상,부상신고,이륜,남,65세 이상,부상신고
2022193748,2022년 12월,야간,서울특별시 금천구,중상사고,0,1,0,0,차대사람 - 횡단중,신호위반,건조,맑음,교차로 - 교차로안,승용,남,41-50세,상해없음,보행자,여,51-60세,중상
2022193956,2022년 12월,주간,서울특별시 금천구,부상신고사고,0,0,0,1,차대차 - 기타,안전운전불이행,건조,맑음,교차로 - 교차로부근,승용,남,65세 이상,상해없음,승용,남,31-40세,부상신고
2022193999,2022년 12월,주간,서울특별시 금천구,경상사고,0,0,1,0,차대차 - 충돌,신호위반,건조,맑음,교차로 - 교차로안,승용,남,51-60세,상해없음,승용,남,31-40세,경상
2022194066,2022년 12월,주간,서울특별시 금천구,중상사고,0,1,0,0,차대차 - 기타,안전운전불이행,건조,맑음,단일로 - 기타,이륜,남,31-40세,상해없음,이륜,남,65세 이상,중상
2022194378,2022년 12월,야간,서울특별시 금천구,경상사고,0,0,1,0,차대차 - 기타,안전운전불이행,건조,맑음,단일로 - 기타,화물,남,41-50세,상해없음,승용,남,31-40세,경상
2022194707,2022년 12월,주간,서울특별시 금천구,경상사고,0,0,1,0,차대차 - 기타,안전운전불이행,건조,맑음,교차로 - 교차로안,화물,남,51-60세,상해없음,원동기,남,51-60세,경상
2022194944,2022년 12월,야간,서울특별시 금천구,경상사고,0,0,1,0,차대차 - 기타,안전운전불이행,건조,맑음,단일로 - 기타,승용,남,31-40세,상해없음,이륜,남,21-30세,경상
2022195170,2022년 12월,주간,서울특별시 금천구,경상사고,0,0,1,0,차대차 - 충돌,안전운전불이행,건조,맑음,교차로 - 교차로안,승용,남,61-64세,상해없음,화물,남,51-60세,상해없음
2022195220,2022년 12월,주간,서울특별시 금천구,중상사고,0,1,0,0,차대사람 - 횡단중,신호위반,건조,맑음,교차로 - 교차로횡단보도내,승용,남,65세 이상,상해없음,보행자,여,65세 이상,중상
2022195326,2022년 12월,주간,서울특별시 금천구,경상사고,0,0,2,0,차대차 - 충돌,안전운전불이행,건조,맑음,교차로 - 교차로안,승용,남,31-40세,상해없음,이륜,남,51-60세,경상
2022195327,2022년 12월,주간,서울특별시 금천구,경상사고,0,0,1,0,차대차 - 기타,안전운전불이행,건조,맑음,단일로 - 기타,화물,남,65세 이상,상해없음,이륜,남,31-40세,경상
2022196324,2022년 12월,야간,서울특별시 금천구,경상사고,0,0,2,0,차대차 - 기타,신호위반,건조,맑음,교차로 - 교차로안,승용,남,20세 이하,상해없음,승용,남,65세 이상,경상
2022196350,2022년 12월,야간,서울특별시 금천구,경상사고,0,0,1,0,차대차 - 기타,안전운전불이행,건조,맑음,단일로 - 기타,승합,남,31-40세,상해없음,승용,남,41-50세,경상
2022196475,2022년 12월,주간,서울특별시 금천구,경상사고,0,0,1,0,차대차 - 기타,안전거리미확보,건조,맑음,단일로 - 기타,승합,남,51-60세,상해없음,원동기,남,65세 이상,경상
2022196573,2022년 12월,주간,서울특별시 금천구,경상사고,0,0,2,0,차대차 - 기타,신호위반,건조,맑음,단일로 - 기타,화물,남,51-60세,상해없음,승용,남,31-40세,경상
2022196721,2022년 12월,야간,서울특별시 금천구,경상사고,0,0,1,0,차대차 - 기타,안전운전불이행,건조,맑음,기타 - 기타,승합,여,51-60세,상해없음,이륜,남,21-30세,경상
2022196782,2022년 12월,야간,서울특별시 금천구,경상사고,0,0,1,0,차대차 - 기타,안전운전불이행,건조,맑음,교차로 - 교차로안,승용,남,21-30세,상해없음,이륜,남,51-60세,경상
2023000234,2023년 1월,주간,서울특별시 금천구,중상사고,0,2,3,0,차대차 - 기타,안전운전불이행,건조,맑음,교차로 - 교차로횡단보도내,승용,여,51-60세,경상,승용,남,41-50세,경상
2023000278,2023년 1월,야간,서울특별시 금천구,경상사고,0,0,2,0,차대차 - 기타,안전거리미확보,건조,맑음,단일로 - 기타,승합,남,51-60세,상해없음,승용,남,31-40세,경상
2023000428,2023년 1월,주간,서울특별시 금천구,경상사고,0,0,1,0,차대차 - 기타,안전운전불이행,건조,맑음,교차로 - 교차로안,승합,남,41-50세,상해없음,승용,남,65세 이상,경상
2023001192,2023년 1월,야간,서울특별시 금천구,경상사고,0,0,1,0,차량단독 - 기타,기타,건조,맑음,단일로 - 기타,승합,남,61-64세,상해없음,,,,
2023001219,2023년 1월,야간,서울특별시 금천구,경상사고,0,0,1,0,차대차 - 기타,안전운전불이행,건조,맑음,교차로 - 교차로안,승용,남,31-40세,기타불명,이륜,남,41-50세,경상
2023001275,2023년 1월,야간,서울특별시 금천구,부상신고사고,0,0,0,1,차대차 - 충돌,안전운전불이행,건조,맑음,교차로 - 교차로안,이륜,남,20세 이하,부상신고,승합,남,41-50세,상해없음
2023001332,2023년 1월,주간,서울특별시 금천구,경상사고,0,0,1,0,차대차 - 추돌,안전거리미확보,건조,맑음,단일로 - 교량,승용,남,21-30세,상해없음,승용,여,51-60세,경상
2023001457,2023년 1월,주간,서울특별시 금천구,경상사고,0,0,1,0,차대차 - 기타,안전운전불이행,건조,맑음,단일로 - 기타,승용,남,51-60세,상해없음,이륜,남,31-40세,경상
2023001545,2023년 1월,주간,서울특별시 금천구,경상사고,0,0,1,0,차대사람 - 기타,안전운전불이행,건조,맑음,교차로 - 교차로안,화물,남,65세 이상,상해없음,보행자,여,65세 이상,경상
2023001602,2023년 1월,주간,서울특별시 금천구,경상사고,0,0,1,0,차대차 - 기타,안전거리미확보,건조,맑음,단일로 - 기타,기타불명,기타불명,기타불명,기타불명,이륜,남,31-40세,경상
2023001863,2023년 1월,야간,서울특별시 금천구,중상사고,0,1,1,0,차대차 - 추돌,안전운전불이행,건조,맑음,교차로 - 교차로안,승용,남,65세 이상,상해없음,승합,남,41-50세,경상
2023002040,2023년 1월,주간,서울특별시 금천구,경상사고,0,0,1,0,차대사람 - 길가장자리구역통행중,안전운전불이행,건조,맑음,단일로 - 기타,승용,남,41-50세,상해없음,보행자,남,12세 이하,경상
2023002072,2023년 1월,주간,서울특별시 금천구,경상사고,0,0,1,0,차대차 - 기타,중앙선침범,건조,맑음,단일로 - 기타,승용,남,41-50세,상해없음,승용,여,41-50세,경상
2023002153,2023년 1월,주간,서울특별시 금천구,경상사고,0,0,1,0,차대차 - 추돌,안전운전불이행,건조,맑음,교차로 - 교차로부근,화물,남,65세 이상,상해없음,승용,남,41-50세,경상
2023002189,2023년 1월,야간,서울특별시 금천구,중상사고,0,1,0,0,차대차 - 기타,신호위반,건조,맑음,교차로 - 교차로안,이륜,남,51-60세,중상,승용,남,41-50세,상해없음
2023002684,2023년 1월,주간,서울특별시 금천구,경상사고,0,0,1,1,차대차 - 기타,안전운전불이행,건조,맑음,교차로 - 교차로안,승합,남,65세 이상,부상신고,승용,여,41-50세,경상
2023002761,2023년 1월,야간,서울특별시 금천구,경상사고,0,0,1,0,차량단독 - 기타,안전운전불이행,건조,맑음,단일로 - 기타,승합,남,51-60세,상해없음,,,,
2023002938,2023년 1월,야간,서울특별시 금천구,경상사고,0,0,4,0,차대차 - 충돌,안전운전불이행,젖음/습기,비,기타 - 기타,승용,남,65세 이상,경상,승용,남,21-30세,경상
2023002989,2023년 1월,야간,서울특별시 금천구,경상사고,0,0,1,0,차량단독 - 기타,안전운전불이행,건조,맑음,교차로 - 교차로부근,승용,남,51-60세,상해없음,,,,
2023003113,2023년 1월,주간,서울특별시 금천구,경상사고,0,0,1,0,차대사람 - 보도통행중,기타,건조,맑음,교차로 - 교차로부근,승용,남,51-60세,상해없음,보행자,남,21-30세,경상
2023003601,2023년 1월,주간,서울특별시 금천구,경상사고,0,0,1,0,차대차 - 기타,안전운전불이행,건조,맑음,단일로 - 기타,승용,남,65세 이상,기타불명,승용,남,51-60세,경상
2023003694,2023년 1월,야간,서울특별시 금천구,경상사고,0,0,1,0,차대차 - 기타,안전운전불이행,건조,맑음,교차로 - 교차로부근,화물,남,31-40세,상해없음,승용,남,31-40세,경상
2023003876,2023년 1월,주간,서울특별시 금천구,중상사고,0,1,0,0,차대사람 - 횡단중,보행자보호의무위반,젖음/습기,맑음,교차로 - 교차로안,화물,남,41-50세,상해없음,보행자,남,65세 이상,중상
2023003945,2023년 1월,주간,서울특별시 금천구,경상사고,0,0,1,0,차대차 - 기타,안전운전불이행,건조,맑음,단일로 - 기타,승용,남,31-40세,상해없음,승용,남,41-50세,경상
2023004198,2023년 1월,야간,서울특별시 금천구,경상사고,0,0,1,0,차대사람 - 보도통행중,기타,건조,맑음,단일로 - 기타,원동기,남,31-40세,상해없음,보행자,남,41-50세,경상
2023004793,2023년 1월,주간,서울특별시 금천구,경상사고,0,0,2,0,차대차 - 추돌,안전운전불이행,건조,맑음,교차로 - 교차로부근,승용,남,31-40세,상해없음,승용,남,51-60세,경상
2023004973,2023년 1월,주간,서울특별시 금천구,경상사고,0,0,1,0,차대차 - 기타,신호위반,건조,흐림,교차로 - 교차로안,승합,남,65세 이상,상해없음,승용,여,51-60세,경상
2023004974,2023년 1월,주간,서울특별시 금천구,중상사고,0,1,0,0,차대차 - 충돌,안전거리미확보,건조,맑음,교차로 - 교차로안,원동기,여,41-50세,상해없음,승합,남,51-60세,상해없음
2023005095,2023년 1월,야간,서울특별시 금천구,경상사고,0,0,2,0,차대차 - 기타,안전거리미확보,건조,맑음,기타 - 기타,승합,남,51-60세,상해없음,승용,남,51-60세,상해없음
2023005135,2023년 1월,야간,서울특별시 금천구,중상사고,0,1,1,0,차대차 - 기타,안전운전불이행,건조,맑음,단일로 - 기타,원동기,남,31-40세,경상,화물,남,31-40세,중상
2023005173,2023년 1월,야간,서울특별시 금천구,경상사고,0,0,1,0,차대차 - 기타,신호위반,건조,맑음,교차로 - 교차로안,승용,남,41-50세,상해없음,승합,남,51-60세,상해없음
2023005503,2023년 1월,주간,서울특별시 금천구,경상사고,0,0,1,0,차대차 - 기타,중앙선침범,건조,맑음,단일로 - 기타,승합,남,65세 이상,상해없음,자전거,남,65세 이상,경상
2023005790,2023년 1월,야간,서울특별시 금천구,경상사고,0,0,3,0,차대차 - 충돌,신호위반,건조,맑음,단일로 - 기타,승용,남,65세 이상,상해없음,승용,여,31-40세,경상
2023006259,2023년 1월,야간,서울특별시 금천구,경상사고,0,0,1,0,차대차 - 충돌,안전운전불이행,젖음/습기,맑음,단일로 - 고가도로위,승용,남,41-50세,상해없음,승합,남,41-50세,경상
2023006562,2023년 1월,주간,서울특별시 금천구,경상사고,0,0,3,0,차대차 - 기타,신호위반,건조,맑음,교차로 - 교차로안,승용,남,61-64세,상해없음,승합,남,41-50세,상해없음
2023006563,2023년 1월,주간,서울특별시 금천구,중상사고,0,1,2,0,차대차 - 충돌,중앙선침범,젖음/습기,비,단일로 - 기타,승용,남,31-40세,상해없음,승용,남,31-40세,경상
2023006586,2023년 1월,주간,서울특별시 금천구,경상사고,0,0,1,0,차대차 - 충돌,안전운전불이행,건조,맑음,교차로 - 교차로안,승용,남,51-60세,상해없음,이륜,남,13-20세,경상
2023006834,2023년 1월,야간,서울특별시 금천구,경상사고,0,0,1,0,차대사람 - 기타,안전운전불이행,건조,맑음,단일로 - 기타,승용,남,51-60세,상해없음,보행자,여,41-50세,경상
2023007263,2023년 1월,야간,서울특별시 금천구,경상사고,0,0,1,0,차대차 - 기타,안전운전불이행,건조,맑음,교차로 - 교차로안,승용,남,51-60세,상해없음,승용,남,61-64세,경상
2023007365,2023년 1월,주간,서울특별시 금천구,경상사고,0,0,1,0,차대차 - 기타,안전운전불이행,건조,맑음,단일로 - 기타,건설기계,남,51-60세,상해없음,화물,남,31-40세,경상
2023007391,2023년 1월,주간,서울특별시 금천구,경상사고,0,0,1,0,차대차 - 추돌,안전운전불이행,건조,맑음,단일로 - 기타,화물,남,65세 이상,상해없음,승용,남,51-60세,경상
2023007614,2023년 1월,야간,서울특별시 금천구,경상사고,0,0,1,0,차대차 - 기타,안전운전불이행,건조,맑음,단일로 - 기타,승용,남,51-60세,상해없음,승용,남,41-50세,경상
2023007803,2023년 1월,주간,서울특별시 금천구,경상사고,0,0,1,0,차대차 - 기타,안전운전불이행,건조,맑음,단일로 - 기타,건설기계,남,51-60세,상해없음,승용,남,21-30세,경상
2023007843,2023년 1월,주간,서울특별시 금천구,경상사고,0,0,1,0,차대차 - 충돌,기타,건조,맑음,단일로 - 기타,승합,남,61-64세,상해없음,승용,남,41-50세,경상
2023008143,2023년 1월,야간,서울특별시 금천구,중상사고,0,1,0,0,차대사람 - 기타,신호위반,건조,맑음,교차로 - 교차로안,이륜,남,21-30세,상해없음,보행자,여,21-30세,중상
2023008359,2023년 1월,주간,서울특별시 금천구,중상사고,0,1,0,0,차대차 - 기타,안전운전불이행,건조,맑음,교차로 - 교차로횡단보도내,승용,남,31-40세,상해없음,자전거,남,61-64세,중상
2023008824,2023년 1월,주간,서울특별시 금천구,경상사고,0,0,1,0,차대차 - 기타,안전운전불이행,건조,맑음,단일로 - 기타,건설기계,남,61-64세,기타불명,승용,여,41-50세,경상
2023008852,2023년 1월,주간,서울특별시 금천구,경상사고,0,0,3,0,차대차 - 충돌,안전거리미확보,건조,맑음,단일로 - 교량,승용,남,21-30세,경상,승용,여,41-50세,경상
2023008945,2023년 1월,주간,서울특별시 금천구,중상사고,0,1,0,0,차대사람 - 기타,안전운전불이행,건조,맑음,교차로 - 교차로부근,승용,여,31-40세,상해없음,보행자,여,41-50세,중상
2023009079,2023년 1월,야간,서울특별시 금천구,경상사고,0,0,1,0,차량단독 - 전도전복,안전운전불이행,건조,맑음,기타 - 기타,승합,남,65세 이상,상해없음,,,,
2023009134,2023년 1월,야간,서울특별시 금천구,경상사고,0,0,1,0,차대차 - 기타,안전운전불이행,건조,맑음,단일로 - 교량,승용,남,31-40세,상해없음,승용,남,31-40세,경상
2023009298,2023년 1월,야간,서울특별시 금천구,경상사고,0,0,1,0,차대차 - 추돌,안전운전불이행,건조,맑음,교차로 - 교차로부근,승용,남,51-60세,상해없음,승용,남,65세 이상,경상
2023009299,2023년 1월,야간,서울특별시 금천구,경상사고,0,0,2,0,차대차 - 충돌,안전운전불이행,건조,흐림,단일로 - 기타,승용,여,61-64세,상해없음,승용,남,21-30세,경상
2023009482,2023년 1월,주간,서울특별시 금천구,경상사고,0,0,1,0,차대사람 - 기타,안전운전불이행,건조,맑음,단일로 - 기타,승용,여,31-40세,상해없음,보행자,여,41-50세,경상
2023009483,2023년 1월,주간,서울특별시 금천구,경상사고,0,0,1,0,차량단독 - 기타,안전운전불이행,건조,맑음,교차로 - 교차로안,승합,남,65세 이상,상해없음,,,,
2023009819,2023년 1월,야간,서울특별시 금천구,경상사고,0,0,4,0,차대차 - 추돌,안전운전불이행,건조,맑음,단일로 - 기타,승용,남,51-60세,상해없음,승용,남,51-60세,경상
2023009922,2023년 1월,야간,서울특별시 금천구,경상사고,0,0,1,0,차대차 - 기타,안전운전불이행,건조,맑음,교차로 - 교차로안,승용,남,65세 이상,상해없음,승용,여,31-40세,경상
2023010502,2023년 1월,주간,서울특별시 금천구,중상사고,0,1,1,0,차대차 - 충돌,안전운전불이행,건조,맑음,교차로 - 교차로안,승용,남,51-60세,상해없음,승용,남,31-40세,중상
2023010610,2023년 1월,야간,서울특별시 금천구,중상사고,0,1,1,2,차대차 - 기타,안전운전불이행,건조,맑음,교차로 - 교차로안,화물,남,31-40세,상해없음,승용,남,51-60세,상해없음
2023010611,2023년 1월,야간,서울특별시 금천구,경상사고,0,0,1,0,차대차 - 추돌,안전운전불이행,건조,맑음,교차로 - 교차로부근,승용,남,21-30세,상해없음,승용,남,21-30세,경상
2023010973,2023년 1월,야간,서울특별시 금천구,경상사고,0,0,2,0,차대차 - 추돌,안전운전불이행,건조,흐림,단일로 - 기타,승용,여,31-40세,상해없음,승용,여,31-40세,경상
2023010986,2023년 1월,야간,서울특별시 금천구,경상사고,0,0,1,0,차대차 - 기타,안전운전불이행,건조,맑음,단일로 - 기타,승용,여,20세 이하,상해없음,승용,여,31-40세,경상
2023011282,2023년 1월,주간,서울특별시 금천구,경상사고,0,0,1,0,차대차 - 충돌,기타,건조,맑음,교차로 - 교차로안,이륜,남,21-30세,경상,승용,남,31-40세,상해없음
2023011297,2023년 1월,주간,서울특별시 금천구,중상사고,0,1,0,0,차대사람 - 보도통행중,안전운전불이행,건조,맑음,단일로 - 기타,승용,남,61-64세,상해없음,보행자,여,51-60세,중상
2023011684,2023년 1월,야간,서울특별시 금천구,중상사고,0,1,0,0,차대차 - 기타,안전운전불이행,건조,맑음,교차로 - 교차로안,승용,남,21-30세,상해없음,이륜,남,13-20세,중상
2023012520,2023년 1월,야간,서울특별시 금천구,경상사고,0,0,1,0,차대사람 - 기타,보행자보호의무위반,건조,맑음,교차로 - 교차로횡단보도내,승용,여,41-50세,상해없음,보행자,여,61-64세,경상
2023012733,2023년 1월,주간,서울특별시 금천구,경상사고,0,0,1,0,차대사람 - 보도통행중,안전운전불이행,건조,맑음,교차로 - 교차로부근,기타불명,기타불명,기타불명,기타불명,보행자,여,65세 이상,경상
2023013225,2023년 1월,주간,서울특별시 금천구,경상사고,0,0,1,0,차대차 - 기타,신호위반,건조,맑음,교차로 - 교차로안,이륜,남,20세 이하,경상,승용,남,61-64세,상해없음
2023013615,2023년 1월,주간,서울특별시 금천구,경상사고,0,0,1,0,차대사람 - 기타,안전운전불이행,건조,맑음,단일로 - 기타,화물,남,61-64세,상해없음,보행자,남,31-40세,경상
2023013647,2023년 1월,주간,서울특별시 금천구,경상사고,0,0,4,0,차대차 - 기타,안전거리미확보,건조,맑음,교차로 - 교차로부근,승용,남,51-60세,상해없음,승용,남,41-50세,경상
2023013683,2023년 1월,주간,서울특별시 금천구,중상사고,0,1,0,0,차대사람 - 길가장자리구역통행중,안전운전불이행,건조,맑음,기타 - 기타,승용,여,31-40세,상해없음,보행자,남,65세 이상,중상
2023013958,2023년 1월,야간,서울특별시 금천구,중상사고,0,1,0,0,차대사람 - 보도통행중,기타,건조,맑음,교차로 - 교차로부근,개인형이동수단(PM),남,21-30세,상해없음,보행자,여,61-64세,중상
2023014141,2023년 1월,주간,서울특별시 금천구,중상사고,0,1,0,0,차대차 - 충돌,기타,건조,흐림,교차로 - 교차로안,승용,남,21-30세,상해없음,이륜,남,41-50세,중상
2023014364,2023년 1월,야간,서울특별시 금천구,부상신고사고,0,0,0,1,차대사람 - 보도통행중,안전운전불이행,건조,맑음,교차로 - 교차로부근,승용,남,41-50세,상해없음,보행자,남,51-60세,부상신고
2023015021,2023년 2월,야간,서울특별시 금천구,경상사고,0,0,1,0,차량단독 - 충돌,기타,건조,맑음,단일로 - 기타,승용,남,51-60세,경상,,,,
2023015026,2023년 2월,야간,서울특별시 금천구,경상사고,0,0,1,0,차대차 - 충돌,안전운전불이행,건조,맑음,단일로 - 기타,화물,남,41-50세,상해없음,승용,남,31-40세,경상
2023015071,2023년 2월,주간,서울특별시 금천구,경상사고,0,0,1,0,차대차 - 충돌,안전운전불이행,건조,맑음,교차로 - 교차로부근,기타불명,기타불명,기타불명,기타불명,화물,남,51-60세,경상
2023015418,2023년 2월,야간,서울특별시 금천구,경상사고,0,0,1,0,차대차 - 기타,안전운전불이행,건조,맑음,단일로 - 기타,승용,여,51-60세,상해없음,승용,남,21-30세,경상
2023015520,2023년 2월,주간,서울특별시 금천구,경상사고,0,0,1,0,차대사람 - 횡단중,안전운전불이행,건조,맑음,교차로 - 교차로안,화물,남,51-60세,상해없음,보행자,여,51-60세,경상
2023015653,2023년 2월,주간,서울특별시 금천구,경상사고,0,0,1,0,차대차 - 충돌,안전운전불이행,건조,맑음,단일로 - 기타,화물,남,41-50세,상해없음,승용,남,31-40세,경상
2023015757,2023년 2월,주간,서울특별시 금천구,경상사고,0,0,3,0,차대차 - 기타,안전운전불이행,건조,맑음,단일로 - 기타,승용,여,65세 이상,상해없음,승용,남,51-60세,경상
2023016027,2023년 2월,야간,서울특별시 금천구,중상사고,0,1,1,0,차대차 - 추돌,안전운전불이행,건조,맑음,교차로 - 교차로부근,승용,남,31-40세,상해없음,승용,남,61-64세,경상
2023016191,2023년 2월,주간,서울특별시 금천구,경상사고,0,0,1,0,차대차 - 추돌,안전운전불이행,건조,맑음,교차로 - 교차로부근,원동기,남,41-50세,상해없음,원동기,남,21-30세,경상
2023016255,2023년 2월,주간,서울특별시 금천구,경상사고,0,0,2,0,차대사람 - 보도통행중,보행자보호의무위반,건조,맑음,교차로 - 교차로부근,승용,남,21-30세,상해없음,보행자,남,41-50세,경상
2023016256,2023년 2월,주간,서울특별시 금천구,경상사고,0,0,1,0,차대차 - 기타,안전운전불이행,건조,맑음,교차로 - 교차로안,승용,남,65세 이상,상해없음,승합,남,51-60세,경상