구분번호,발생년월,주야,시군구,사고내용,사망자수,중상자수,경상자수,부상신고자수,사고유형,법규위반,노면상태,기상상태,도로형태,가해운전자 차종,가해운전자 성별,가해운전자 연령대,가해운전자 상해정도,피해운전자 차종,피해운전자 성별,피해운전자 연령대,피해운전자 상해정도
2023016426,2023년 2월,야간,서울특별시 금천구,경상사고,0,0,1,0,차대차 - 기타,기타,건조,맑음,교차로 - 교차로안,승용,남,41-50세,기타불명,승용,남,51-60세,경상
2023016875,2023년 2월,야간,서울특별시 금천구,경상사고,0,0,2,0,차대차 - 추돌,안전운전불이행,건조,맑음,단일로 - 교량,승용,남,51-60세,상해없음,이륜,남,41-50세,상해없음
2023017158,2023년 2월,주간,서울특별시 금천구,경상사고,0,0,2,0,차대차 - 충돌,안전운전불이행,건조,맑음,교차로 - 교차로안,화물,남,65세 이상,상해없음,승용,남,41-50세,경상
2023018245,2023년 2월,야간,서울특별시 금천구,중상사고,0,1,0,0,차대차 - 기타,안전운전불이행,건조,맑음,교차로 - 교차로안,승용,남,51-60세,상해없음,이륜,남,41-50세,중상
2023018479,2023년 2월,주간,서울특별시 금천구,경상사고,0,0,1,0,차량단독 - 기타,안전운전불이행,건조,맑음,교차로 - 교차로부근,승합,남,51-60세,상해없음,,,,
2023018900,2023년 2월,야간,서울특별시 금천구,경상사고,0,0,1,0,차대차 - 기타,안전운전불이행,젖음/습기,흐림,교차로 - 교차로안,승용,남,51-60세,상해없음,특수,남,31-40세,경상
2023018978,2023년 2월,주간,서울특별시 금천구,경상사고,0,0,1,0,차대차 - 기타,안전운전불이행,젖음/습기,흐림,단일로 - 기타,화물,남,51-60세,상해없음,승용,남,41-50세,경상
2023018979,2023년 2월,주간,서울특별시 금천구,중상사고,0,1,0,0,차대차 - 충돌,안전운전불이행,건조,맑음,교차로 - 교차로안,화물,여,51-60세,상해없음,승용,여,51-60세,중상
2023018998,2023년 2월,주간,서울특별시 금천구,경상사고,0,0,1,0,차대차 - 기타,기타,건조,맑음,교차로 - 교차로부근,자전거,여,51-60세,경상,승용,남,65세 이상,상해없음
2023019024,2023년 2월,주간,서울특별시 금천구,중상사고,0,1,0,0,차대차 - 충돌,안전운전불이행,건조,맑음,교차로 - 교차로안,승용,여,51-60세,상해없음,화물,남,51-60세,중상
2023019152,2023년 2월,주간,서울특별시 금천구,중상사고,0,1,0,0,차대사람 - 횡단중,보행자보호의무위반,건조,맑음,교차로 - 교차로횡단보도내,승용,여,51-60세,상해없음,보행자,여,65세 이상,중상
2023019414,2023년 2월,야간,서울특별시 금천구,경상사고,0,0,2,0,차대차 - 기타,신호위반,건조,맑음,교차로 - 교차로부근,승용,남,31-40세,상해없음,승용,남,41-50세,경상
2023019532,2023년 2월,주간,서울특별시 금천구,중상사고,0,1,0,1,차대사람 - 횡단중,보행자보호의무위반,건조,맑음,교차로 - 교차로횡단보도내,자전거,남,31-40세,부상신고,보행자,남,65세 이상,중상
2023019602,2023년 2월,주간,서울특별시 금천구,부상신고사고,0,0,0,1,차대사람 - 기타,안전운전불이행,건조,맑음,단일로 - 기타,기타불명,기타불명,기타불명,기타불명,보행자,남,51-60세,부상신고
2023019648,2023년 2월,주간,서울특별시 금천구,경상사고,0,0,1,0,차대차 - 기타,안전운전불이행,건조,맑음,교차로 - 교차로안,승용,남,65세 이상,상해없음,승용,여,51-60세,경상
2023019869,2023년 2월,야간,서울특별시 금천구,경상사고,0,0,1,0,차대차 - 충돌,신호위반,건조,맑음,교차로 - 교차로안,승용,남,41-50세,상해없음,승용,남,51-60세,경상
2023020145,2023년 2월,야간,서울특별시 금천구,경상사고,0,0,1,0,차대차 - 충돌,안전운전불이행,건조,맑음,교차로 - 교차로부근,승용,여,31-40세,상해없음,승용,여,21-30세,경상
2023020312,2023년 2월,주간,서울특별시 금천구,경상사고,0,0,10,0,차대차 - 기타,안전운전불이행,건조,맑음,단일로 - 기타,승용,남,65세 이상,경상,승용,남,21-30세,경상
2023020635,2023년 2월,야간,서울특별시 금천구,경상사고,0,0,2,0,차대차 - 기타,안전운전불이행,건조,맑음,단일로 - 기타,승용,남,41-50세,상해없음,승용,남,21-30세,경상
2023020699,2023년 2월,야간,서울특별시 금천구,경상사고,0,0,1,0,차대차 - 추돌,안전운전불이행,건조,맑음,교차로 - 교차로부근,승용,남,31-40세,상해없음,승용,남,41-50세,경상
2023020804,2023년 2월,주간,서울특별시 금천구,경상사고,0,0,2,0,차대차 - 기타,안전운전불이행,건조,맑음,교차로 - 교차로안,승용,여,51-60세,경상,승합,남,51-60세,경상
2023020979,2023년 2월,주간,서울특별시 금천구,중상사고,0,1,0,0,차대차 - 충돌,안전운전불이행,건조,맑음,단일로 - 기타,승용,남,41-50세,상해없음,승용,남,61-64세,중상
2023021141,2023년 2월,주간,서울특별시 금천구,경상사고,0,0,1,0,차대사람 - 기타,기타,건조,맑음,기타 - 기타,승합,남,51-60세,상해없음,보행자,여,65세 이상,경상
2023021158,2023년 2월,주간,서울특별시 금천구,경상사고,0,0,1,0,차대차 - 충돌,안전거리미확보,건조,맑음,단일로 - 기타,승용,여,51-60세,기타불명,승용,남,65세 이상,경상
2023021404,2023년 2월,야간,서울특별시 금천구,경상사고,0,0,1,0,차대사람 - 기타,안전운전불이행,건조,맑음,교차로 - 교차로부근,화물,남,51-60세,기타불명,보행자,여,31-40세,경상
2023021525,2023년 2월,야간,서울특별시 금천구,경상사고,0,0,1,0,차대차 - 충돌,신호위반,건조,맑음,교차로 - 교차로안,승용,남,61-64세,상해없음,이륜,남,41-50세,경상
2023022021,2023년 2월,야간,서울특별시 금천구,중상사고,0,1,0,0,차대사람 - 횡단중,안전운전불이행,건조,맑음,단일로 - 기타,승용,남,65세 이상,상해없음,보행자,남,65세 이상,중상
2023022256,2023년 2월,주간,서울특별시 금천구,중상사고,0,1,0,0,차대차 - 충돌,신호위반,건조,맑음,단일로 - 기타,승용,남,31-40세,상해없음,자전거,남,65세 이상,중상
2023022913,2023년 2월,야간,서울특별시 금천구,경상사고,0,0,1,0,차량단독 - 충돌,안전운전불이행,건조,맑음,교차로 - 교차로안,승용,남,65세 이상,상해없음,,,,
2023023008,2023년 2월,주간,서울특별시 금천구,중상사고,0,1,0,0,차대차 - 추돌,안전운전불이행,건조,맑음,교차로 - 교차로횡단보도내,승용,남,31-40세,상해없음,이륜,남,51-60세,중상
2023023754,2023년 2월,야간,서울특별시 금천구,중상사고,0,1,0,0,차대사람 - 횡단중,신호위반,건조,맑음,교차로 - 교차로횡단보도내,승용,남,21-30세,상해없음,보행자,여,51-60세,중상
2023023755,2023년 2월,야간,서울특별시 금천구,중상사고,0,2,0,0,차대차 - 추돌,안전운전불이행,건조,맑음,단일로 - 기타,승용,남,21-30세,상해없음,승용,남,41-50세,중상
2023024102,2023년 2월,주간,서울특별시 금천구,경상사고,0,0,1,0,차대차 - 기타,안전운전불이행,건조,맑음,교차로 - 교차로안,승용,남,21-30세,상해없음,화물,남,41-50세,경상
2023024386,2023년 2월,주간,서울특별시 금천구,경상사고,0,0,2,0,차대차 - 기타,안전거리미확보,건조,맑음,단일로 - 교량,화물,여,65세 이상,경상,승용,남,65세 이상,경상
2023024496,2023년 2월,주간,서울특별시 금천구,중상사고,0,1,1,0,차대차 - 추돌,안전운전불이행,건조,맑음,교차로 - 교차로안,원동기,남,31-40세,경상,승용,남,61-64세,중상
2023024556,2023년 2월,주간,서울특별시 금천구,경상사고,0,0,1,0,차대차 - 기타,안전운전불이행,건조,맑음,교차로 - 교차로안,승용,남,51-60세,상해없음,승합,남,61-64세,상해없음
2023024756,2023년 2월,야간,서울특별시 금천구,경상사고,0,0,2,0,차대차 - 충돌,안전거리미확보,건조,맑음,단일로 - 기타,승용,남,31-40세,상해없음,승용,남,51-60세,경상
2023024757,2023년 2월,야간,서울특별시 금천구,경상사고,0,0,1,0,차대차 - 기타,안전운전불이행,건조,맑음,교차로 - 교차로부근,승용,남,65세 이상,상해없음,이륜,남,41-50세,경상
2023024781,2023년 2월,야간,서울특별시 금천구,중상사고,0,1,0,0,차대사람 - 기타,보행자보호의무위반,건조,맑음,단일로 - 기타,화물,남,41-50세,상해없음,보행자,남,51-60세,중상
2023025185,2023년 2월,야간,서울특별시 금천구,경상사고,0,0,1,0,차대차 - 기타,안전운전불이행,건조,맑음,단일로 - 기타,승용,남,31-40세,상해없음,승용,기타불명,기타불명,기타불명
2023025614,2023년 2월,야간,서울특별시 금천구,경상사고,0,0,1,0,차대차 - 충돌,안전운전불이행,건조,맑음,단일로 - 기타,승용,남,31-40세,상해없음,승용,여,41-50세,경상
2023025761,2023년 2월,야간,서울특별시 금천구,중상사고,0,1,0,0,차대차 - 기타,안전운전불이행,건조,맑음,단일로 - 기타,승용,남,31-40세,상해없음,원동기,남,31-40세,중상
2023025907,2023년 2월,주간,서울특별시 금천구,중상사고,0,1,0,0,차대사람 - 기타,안전운전불이행,건조,맑음,단일로 - 기타,승용,여,51-60세,상해없음,보행자,남,65세 이상,중상
2023026046,2023년 2월,주간,서울특별시 금천구,중상사고,0,1,0,0,차대사람 - 보도통행중,신호위반,건조,맑음,교차로 - 교차로부근,화물,남,65세 이상,상해없음,보행자,남,21-30세,중상
2023026047,2023년 2월,주간,서울특별시 금천구,경상사고,0,0,1,0,차대사람 - 길가장자리구역통행중,안전운전불이행,건조,맑음,단일로 - 기타,화물,남,51-60세,상해없음,보행자,남,65세 이상,경상
2023026238,2023년 2월,야간,서울특별시 금천구,경상사고,0,0,1,0,차대사람 - 차도통행중,신호위반,건조,맑음,단일로 - 기타,승용,남,65세 이상,기타불명,보행자,남,31-40세,경상
2023026306,2023년 2월,야간,서울특별시 금천구,경상사고,0,0,2,0,차대차 - 기타,신호위반,건조,기타,교차로 - 교차로부근,승용,남,41-50세,상해없음,승용,남,31-40세,경상
2023026380,2023년 2월,주간,서울특별시 금천구,경상사고,0,0,3,0,차대차 - 충돌,기타,건조,맑음,교차로 - 교차로부근,승용,여,41-50세,경상,원동기,남,31-40세,경상
2023026792,2023년 2월,주간,서울특별시 금천구,경상사고,0,0,3,0,차대차 - 충돌,교차로운행방법위반,건조,맑음,교차로 - 교차로안,승용,남,51-60세,경상,승용,남,21-30세,경상
2023026947,2023년 2월,주간,서울특별시 금천구,경상사고,0,0,1,0,차대차 - 기타,교차로운행방법위반,건조,맑음,교차로 - 교차로안,이륜,남,65세 이상,경상,승용,남,51-60세,상해없음
2023027042,2023년 2월,주간,서울특별시 금천구,경상사고,0,0,1,0,차대차 - 기타,안전운전불이행,건조,맑음,단일로 - 기타,승용,남,65세 이상,상해없음,이륜,남,31-40세,경상
2023027217,2023년 2월,야간,서울특별시 금천구,경상사고,0,0,2,0,차대차 - 기타,안전운전불이행,건조,맑음,기타 - 기타,승용,남,31-40세,상해없음,승용,남,51-60세,경상
2023027412,2023년 2월,주간,서울특별시 금천구,경상사고,0,0,1,0,차대차 - 기타,안전운전불이행,건조,맑음,단일로 - 기타,승용,남,21-30세,상해없음,승용,남,65세 이상,경상
2023027643,2023년 2월,야간,서울특별시 금천구,부상신고사고,0,0,0,1,차대사람 - 기타,안전운전불이행,건조,맑음,단일로 - 기타,승용,남,31-40세,상해없음,보행자,남,65세 이상,부상신고
2023027871,2023년 3월,주간,서울특별시 금천구,경상사고,0,0,2,0,차대차 - 기타,안전운전불이행,건조,맑음,교차로 - 교차로안,승용,남,21-30세,상해없음,승합,남,61-64세,경상
2023027872,2023년 3월,주간,서울특별시 금천구,부상신고사고,0,0,0,2,차대차 - 추돌,안전거리미확보,건조,맑음,단일로 - 고가도로위,승용,남,51-60세,상해없음,승용,남,51-60세,부상신고
2023028062,2023년 3월,야간,서울특별시 금천구,경상사고,0,0,1,0,차대차 - 기타,기타,건조,맑음,단일로 - 기타,자전거,남,61-64세,경상,승용,남,61-64세,상해없음
2023028126,2023년 3월,야간,서울특별시 금천구,중상사고,0,1,0,0,차대사람 - 횡단중,신호위반,건조,맑음,교차로 - 교차로부근,이륜,남,21-30세,상해없음,보행자,남,31-40세,중상
2023028403,2023년 3월,주간,서울특별시 금천구,경상사고,0,0,1,0,차대차 - 충돌,안전운전불이행,건조,맑음,단일로 - 기타,승용,남,65세 이상,상해없음,승용,남,41-50세,경상
2023028404,2023년 3월,주간,서울특별시 금천구,경상사고,0,0,1,0,차대차 - 기타,안전운전불이행,건조,맑음,단일로 - 기타,화물,남,51-60세,상해없음,이륜,남,41-50세,경상
2023028852,2023년 3월,주간,서울특별시 금천구,중상사고,0,1,0,0,차대사람 - 보도통행중,보행자보호의무위반,건조,맑음,교차로 - 교차로횡단보도내,승용,여,65세 이상,상해없음,보행자,여,65세 이상,중상
2023029016,2023년 3월,주간,서울특별시 금천구,경상사고,0,0,1,0,차대사람 - 보도통행중,안전운전불이행,건조,맑음,기타 - 기타,화물,남,41-50세,상해없음,보행자,여,51-60세,경상
2023029363,2023년 3월,주간,서울특별시 금천구,경상사고,0,0,1,0,차대차 - 충돌,안전운전불이행,건조,맑음,교차로 - 교차로부근,승용,여,61-64세,상해없음,원동기,남,41-50세,경상
2023029388,2023년 3월,주간,서울특별시 금천구,경상사고,0,0,1,0,차대사람 - 기타,안전운전불이행,건조,맑음,교차로 - 교차로횡단보도내,승용,남,41-50세,상해없음,보행자,남,21-30세,경상
2023029753,2023년 3월,야간,서울특별시 금천구,중상사고,0,1,0,0,차대사람 - 보도통행중,안전운전불이행,건조,맑음,교차로 - 교차로부근,화물,남,51-60세,상해없음,보행자,남,51-60세,중상
2023029871,2023년 3월,주간,서울특별시 금천구,경상사고,0,0,1,0,차대사람 - 기타,안전운전불이행,건조,맑음,교차로 - 교차로안,승용,여,51-60세,상해없음,보행자,여,65세 이상,경상
2023029930,2023년 3월,주간,서울특별시 금천구,중상사고,0,1,0,1,차대차 - 충돌,기타,건조,맑음,교차로 - 교차로안,이륜,남,61-64세,부상신고,이륜,남,61-64세,중상
2023030404,2023년 3월,주간,서울특별시 금천구,경상사고,0,0,1,0,차대차 - 충돌,안전거리미확보,건조,맑음,교차로 - 교차로안,승용,남,31-40세,상해없음,승용,남,51-60세,경상
2023030460,2023년 3월,야간,서울특별시 금천구,경상사고,0,0,1,0,차대차 - 추돌,안전운전불이행,건조,맑음,교차로 - 교차로안,승용,남,51-60세,상해없음,승용,남,31-40세,경상
2023030749,2023년 3월,주간,서울특별시 금천구,중상사고,0,1,0,0,차대차 - 충돌,신호위반,건조,맑음,교차로 - 교차로안,화물,남,51-60세,상해없음,이륜,남,21-30세,중상
2023030837,2023년 3월,주간,서울특별시 금천구,중상사고,0,1,1,0,차대차 - 기타,안전운전불이행,건조,맑음,단일로 - 기타,승용,남,21-30세,기타불명,화물,남,41-50세,경상
2023031068,2023년 3월,야간,서울특별시 금천구,경상사고,0,0,2,0,차대차 - 충돌,안전운전불이행,건조,맑음,교차로 - 교차로안,승용,남,65세 이상,상해없음,승합,남,65세 이상,상해없음
2023031087,2023년 3월,야간,서울특별시 금천구,중상사고,0,1,0,0,차대차 - 충돌,신호위반,건조,맑음,교차로 - 교차로안,승용,남,51-60세,상해없음,이륜,남,31-40세,중상
2023031257,2023년 3월,주간,서울특별시 금천구,경상사고,0,0,1,1,차대차 - 충돌,안전거리미확보,건조,맑음,단일로 - 교량,승용,남,61-64세,상해없음,승용,남,65세 이상,경상
2023031258,2023년 3월,주간,서울특별시 금천구,경상사고,0,0,1,0,차대차 - 충돌,안전운전불이행,건조,맑음,교차로 - 교차로안,화물,여,51-60세,경상,특수,남,61-64세,상해없음
2023031335,2023년 3월,주간,서울특별시 금천구,중상사고,0,1,0,0,차대사람 - 차도통행중,안전운전불이행,건조,맑음,단일로 - 기타,승용,여,41-50세,상해없음,보행자,남,65세 이상,중상
2023031385,2023년 3월,주간,서울특별시 금천구,경상사고,0,0,1,0,차대차 - 기타,안전운전불이행,건조,맑음,단일로 - 기타,승합,남,61-64세,상해없음,승합,남,41-50세,경상
2023031629,2023년 3월,야간,서울특별시 금천구,중상사고,0,1,0,0,차대사람 - 보도통행중,보행자보호의무위반,건조,맑음,교차로 - 교차로횡단보도내,승용,남,20세 이하,상해없음,보행자,남,61-64세,중상
2023031645,2023년 3월,주간,서울특별시 금천구,경상사고,0,0,1,0,차대차 - 기타,안전거리미확보,젖음/습기,비,교차로 - 교차로부근,승용,여,51-60세,상해없음,승용,남,41-50세,경상
2023031671,2023년 3월,주간,서울특별시 금천구,중상사고,0,1,0,0,차대사람 - 횡단중,안전운전불이행,젖음/습기,흐림,단일로 - 기타,승용,남,21-30세,상해없음,보행자,여,51-60세,중상
2023032062,2023년 3월,야간,서울특별시 금천구,경상사고,0,0,1,0,차대차 - 기타,신호위반,건조,맑음,교차로 - 교차로안,승용,남,41-50세,상해없음,원동기,남,41-50세,경상
2023032201,2023년 3월,주간,서울특별시 금천구,경상사고,0,0,2,0,차대차 - 기타,안전운전불이행,건조,맑음,단일로 - 기타,승용,여,41-50세,경상,승용,남,21-30세,경상
2023032294,2023년 3월,주간,서울특별시 금천구,중상사고,0,1,0,0,차대사람 - 기타,안전운전불이행,건조,맑음,단일로 - 기타,원동기,남,51-60세,상해없음,보행자,여,65세 이상,중상
2023032373,2023년 3월,주간,서울특별시 금천구,부상신고사고,0,0,0,1,차대차 - 기타,기타,건조,맑음,교차로 - 교차로안,이륜,남,21-30세,부상신고,승용,여,51-60세,상해없음
2023032804,2023년 3월,주간,서울특별시 금천구,경상사고,0,0,1,0,차량단독 - 기타,안전운전불이행,건조,맑음,단일로 - 기타,승합,남,51-60세,상해없음,,,,
2023032823,2023년 3월,주간,서울특별시 금천구,중상사고,0,1,1,0,차대차 - 추돌,안전운전불이행,건조,맑음,단일로 - 고가도로위,화물,남,65세 이상,상해없음,승용,남,41-50세,중상
2023032841,2023년 3월,주간,서울특별시 금천구,경상사고,0,0,1,0,차대차 - 기타,안전거리미확보,건조,맑음,기타 - 기타,승용,남,41-50세,상해없음,승용,남,41-50세,경상
2023032973,2023년 3월,주간,서울특별시 금천구,경상사고,0,0,1,0,차대차 - 충돌,신호위반,건조,맑음,교차로 - 교차로안,승용,여,51-60세,상해없음,승용,남,21-30세,경상
2023033188,2023년 3월,야간,서울특별시 금천구,중상사고,0,1,0,0,차대사람 - 횡단중,신호위반,건조,맑음,기타 - 기타,이륜,남,20세 이하,상해없음,보행자,여,31-40세,중상
2023033581,2023년 3월,야간,서울특별시 금천구,경상사고,0,0,1,0,차대사람 - 보도통행중,안전운전불이행,건조,맑음,교차로 - 교차로부근,승용,남,41-50세,상해없음,보행자,남,31-40세,경상
2023033807,2023년 3월,주간,서울특별시 금천구,중상사고,0,2,1,0,차대사람 - 횡단중,신호위반,건조,맑음,교차로 - 교차로횡단보도내,자전거,남,51-60세,경상,보행자,여,51-60세,중상
2023033808,2023년 3월,주간,서울특별시 금천구,경상사고,0,0,1,0,차대사람 - 기타,보행자보호의무위반,건조,맑음,교차로 - 교차로횡단보도내,기타불명,기타불명,기타불명,기타불명,보행자,남,21-30세,경상
2023033907,2023년 3월,주간,서울특별시 금천구,경상사고,0,0,1,0,차대사람 - 기타,안전운전불이행,건조,맑음,단일로 - 기타,승용,남,65세 이상,상해없음,보행자,여,61-64세,경상
2023033944,2023년 3월,주간,서울특별시 금천구,경상사고,0,0,1,0,차대사람 - 횡단중,보행자보호의무위반,건조,맑음,교차로 - 교차로횡단보도내,승용,여,41-50세,상해없음,보행자,여,65세 이상,경상
2023035077,2023년 3월,주간,서울특별시 금천구,경상사고,0,0,1,0,차대차 - 기타,안전운전불이행,건조,맑음,단일로 - 기타,승용,여,51-60세,상해없음,승용,여,31-40세,경상
2023035249,2023년 3월,야간,서울특별시 금천구,경상사고,0,0,1,0,차대사람 - 기타,안전운전불이행,건조,맑음,기타 - 기타,화물,남,51-60세,상해없음,보행자,남,41-50세,경상
2023035402,2023년 3월,주간,서울특별시 금천구,중상사고,0,1,0,0,차대차 - 추돌,안전운전불이행,건조,맑음,단일로 - 기타,승용,남,51-60세,상해없음,승용,여,41-50세,중상
2023035557,2023년 3월,주간,서울특별시 금천구,경상사고,0,0,1,0,차대차 - 충돌,안전거리미확보,건조,맑음,교차로 - 교차로부근,승용,남,65세 이상,상해없음,승용,남,31-40세,경상
2023036043,2023년 3월,주간,서울특별시 금천구,경상사고,0,0,1,0,차대차 - 추돌,안전운전불이행,건조,맑음,단일로 - 고가도로위,승용,남,21-30세,상해없음,승용,남,41-50세,경상
2023036147,2023년 3월,야간,서울특별시 금천구,경상사고,0,0,2,0,차대차 - 추돌,안전거리미확보,건조,맑음,단일로 - 기타,이륜,남,41-50세,경상,승용,남,41-50세,경상
2023036440,2023년 3월,주간,서울특별시 금천구,부상신고사고,0,0,0,1,차대차 - 충돌,안전운전불이행,건조,맑음,교차로 - 교차로안,화물,남,51-60세,상해없음,이륜,남,51-60세,부상신고
2023037125,2023년 3월,야간,서울특별시 금천구,중상사고,0,1,0,0,차대사람 - 기타,안전운전불이행,건조,맑음,단일로 - 기타,자전거,남,65세 이상,중상,보행자,남,12세 이하,상해없음
2023037499,2023년 3월,주간,서울특별시 금천구,경상사고,0,0,1,0,차대차 - 충돌,안전운전불이행,건조,맑음,기타 - 기타,자전거,남,31-40세,상해없음,자전거,남,65세 이상,경상
2023037940,2023년 3월,주간,서울특별시 금천구,사망사고,1,0,0,0,차대사람 - 횡단중,안전운전불이행,건조,맑음,교차로 - 교차로안,화물,남,51-60세,상해없음,보행자,여,65세 이상,사망
2023038057,2023년 3월,주간,서울특별시 금천구,경상사고,0,0,1,0,차대사람 - 보도통행중,보행자보호의무위반,건조,맑음,교차로 - 교차로횡단보도내,승용,남,61-64세,상해없음,보행자,남,65세 이상,경상
2023038844,2023년 3월,야간,서울특별시 금천구,중상사고,0,1,0,0,차대차 - 추돌,안전운전불이행,건조,맑음,교차로 - 교차로부근,승용,남,21-30세,상해없음,승용,남,51-60세,중상
2023039365,2023년 3월,야간,서울특별시 금천구,경상사고,0,0,1,0,차대차 - 추돌,안전운전불이행,건조,맑음,단일로 - 기타,화물,남,21-30세,기타불명,이륜,남,61-64세,경상
2023039482,2023년 3월,주간,서울특별시 금천구,경상사고,0,0,1,0,차대사람 - 차도통행중,안전운전불이행,건조,맑음,단일로 - 기타,승용,남,65세 이상,기타불명,보행자,여,65세 이상,경상
2023039647,2023년 3월,주간,서울특별시 금천구,중상사고,0,1,0,0,차대사람 - 횡단중,신호위반,건조,맑음,단일로 - 기타,승용,남,65세 이상,상해없음,보행자,남,51-60세,중상
2023040131,2023년 3월,주간,서울특별시 금천구,부상신고사고,0,0,0,1,차대차 - 기타,보행자보호의무위반,건조,맑음,교차로 - 교차로안,개인형이동수단(PM),남,51-60세,부상신고,승용,남,51-60세,상해없음
2023040708,2023년 3월,주간,서울특별시 금천구,경상사고,0,0,3,0,차대차 - 충돌,신호위반,건조,맑음,교차로 - 교차로부근,승용,남,21-30세,상해없음,승용,남,41-50세,경상
2023040953,2023년 3월,야간,서울특별시 금천구,사망사고,1,0,1,0,차대사람 - 횡단중,신호위반,건조,맑음,교차로 - 교차로횡단보도내,이륜,남,20세 이하,경상,보행자,남,21-30세,사망
2023042381,2023년 3월,주간,서울특별시 금천구,경상사고,0,0,1,0,차대차 - 충돌,신호위반,건조,맑음,교차로 - 교차로안,이륜,남,21-30세,경상,승용,남,65세 이상,상해없음
2023042731,2023년 3월,주간,서울특별시 금천구,경상사고,0,0,1,0,차대차 - 기타,안전운전불이행,건조,맑음,교차로 - 교차로안,승용,남,65세 이상,상해없음,승용,여,61-64세,경상
2023042732,2023년 3월,주간,서울특별시 금천구,경상사고,0,0,1,0,차대차 - 기타,안전운전불이행,건조,맑음,교차로 - 교차로안,승용,남,41-50세,상해없음,승용,여,31-40세,경상
2023042875,2023년 3월,주간,서울특별시 금천구,경상사고,0,0,1,0,차대차 - 기타,안전거리미확보,건조,맑음,기타 - 기타,승용,여,41-50세,상해없음,이륜,남,51-60세,경상
2023042962,2023년 3월,주간,서울특별시 금천구,경상사고,0,0,1,0,차대사람 - 보도통행중,안전운전불이행,건조,맑음,단일로 - 기타,승합,남,65세 이상,상해없음,보행자,남,21-30세,경상
2023043305,2023년 3월,주간,서울특별시 금천구,중상사고,0,1,0,0,차대사람 - 보도통행중,안전운전불이행,건조,맑음,교차로 - 교차로안,승용,남,31-40세,상해없음,보행자,남,65세 이상,중상
2023043719,2023년 3월,야간,서울특별시 금천구,중상사고,0,2,0,0,차대사람 - 기타,안전운전불이행,건조,맑음,기타 - 기타,승용,남,41-50세,상해없음,보행자,여,65세 이상,중상
2023043785,2023년 4월,야간,서울특별시 금천구,경상사고,0,0,1,0,차대차 - 기타,안전운전불이행,건조,맑음,단일로 - 기타,승용,남,21-30세,상해없음,개인형이동수단(PM),남,41-50세,경상
2023043817,2023년 4월,야간,서울특별시 금천구,경상사고,0,0,3,0,차대차 - 기타,안전운전불이행,건조,맑음,단일로 - 기타,승용,남,51-60세,경상,승용,남,31-40세,경상
2023043864,2023년 4월,주간,서울특별시 금천구,경상사고,0,0,1,0,차대사람 - 횡단중,안전운전불이행,건조,맑음,교차로 - 교차로횡단보도내,승용,남,61-64세,상해없음,보행자,남,51-60세,경상
2023044280,2023년 4월,야간,서울특별시 금천구,경상사고,0,0,1,0,차량단독 - 기타,안전운전불이행,건조,맑음,교차로 - 교차로부근,승합,남,61-64세,상해없음,,,,
2023044342,2023년 4월,야간,서울특별시 금천구,사망사고,1,0,0,0,차대사람 - 횡단중,안전운전불이행,건조,기타,단일로 - 기타,승용,남,65세 이상,상해없음,보행자,남,65세 이상,사망
2023044374,2023년 4월,야간,서울특별시 금천구,경상사고,0,0,1,0,차대차 - 추돌,안전운전불이행,건조,맑음,교차로 - 교차로부근,승용,여,31-40세,상해없음,화물,남,41-50세,경상
2023044786,2023년 4월,야간,서울특별시 금천구,중상사고,0,1,0,0,차량단독 - 기타,안전운전불이행,건조,맑음,단일로 - 기타,승합,남,61-64세,상해없음,,,,
2023044969,2023년 4월,주간,서울특별시 금천구,중상사고,0,1,0,0,차대사람 - 기타,안전운전불이행,건조,맑음,기타 - 기타,화물,남,61-64세,상해없음,보행자,여,65세 이상,중상
2023045124,2023년 4월,주간,서울특별시 금천구,경상사고,0,0,1,0,차대차 - 기타,안전거리미확보,건조,맑음,단일로 - 기타,승용,여,31-40세,기타불명,승용,남,61-64세,경상
2023045262,2023년 4월,야간,서울특별시 금천구,중상사고,0,1,0,0,차대차 - 기타,안전운전불이행,건조,맑음,단일로 - 기타,화물,남,31-40세,상해없음,승용,여,41-50세,중상
2023045821,2023년 4월,야간,서울특별시 금천구,경상사고,0,0,1,0,차대사람 - 보도통행중,보행자보호의무위반,젖음/습기,비,교차로 - 교차로횡단보도내,이륜,남,41-50세,상해없음,보행자,남,51-60세,경상
2023046041,2023년 4월,야간,서울특별시 금천구,중상사고,0,1,0,0,차대사람 - 기타,안전운전불이행,젖음/습기,비,교차로 - 교차로안,승용,남,65세 이상,상해없음,보행자,남,61-64세,중상
2023046222,2023년 4월,주간,서울특별시 금천구,경상사고,0,0,1,0,차대차 - 충돌,안전운전불이행,젖음/습기,비,교차로 - 교차로안,승용,남,41-50세,상해없음,이륜,남,21-30세,경상