구분번호,발생년월,주야,시군구,사고내용,사망자수,중상자수,경상자수,부상신고자수,사고유형,법규위반,노면상태,기상상태,도로형태,가해운전자 차종,가해운전자 성별,가해운전자 연령대,가해운전자 상해정도,피해운전자 차종,피해운전자 성별,피해운전자 연령대,피해운전자 상해정도
2023111506,2023년 8월,주간,서울특별시 금천구,경상사고,0,0,1,0,차대사람 - 기타,안전운전불이행,건조,맑음,단일로 - 기타,자전거,여,31-40세,상해없음,보행자,여,65세 이상,경상
2023111588,2023년 8월,주간,서울특별시 금천구,중상사고,0,2,16,0,차대차 - 추돌,안전운전불이행,건조,맑음,교차로 - 교차로안,승합,남,61-64세,상해없음,승합,남,51-60세,경상
2023111909,2023년 8월,야간,서울특별시 금천구,경상사고,0,0,1,0,차대차 - 기타,안전운전불이행,건조,맑음,교차로 - 교차로부근,이륜,남,41-50세,경상,승용,남,51-60세,상해없음
2023111932,2023년 8월,야간,서울특별시 금천구,중상사고,0,1,0,0,차대사람 - 기타,안전운전불이행,건조,맑음,교차로 - 교차로안,승용,남,31-40세,상해없음,보행자,여,65세 이상,중상
2023111997,2023년 8월,야간,서울특별시 금천구,중상사고,0,1,1,0,차대차 - 충돌,기타,건조,맑음,교차로 - 교차로안,이륜,여,20세 이하,경상,자전거,남,61-64세,중상
2023112059,2023년 8월,주간,서울특별시 금천구,경상사고,0,0,1,0,차대사람 - 기타,보행자보호의무위반,건조,맑음,교차로 - 교차로횡단보도내,승용,여,41-50세,상해없음,보행자,여,65세 이상,경상
2023112060,2023년 8월,주간,서울특별시 금천구,경상사고,0,0,1,0,차대차 - 충돌,안전운전불이행,건조,맑음,교차로 - 교차로안,승용,남,65세 이상,상해없음,이륜,여,21-30세,경상
2023112084,2023년 8월,주간,서울특별시 금천구,경상사고,0,0,1,0,차대차 - 충돌,안전운전불이행,건조,맑음,단일로 - 기타,승합,남,61-64세,상해없음,건설기계,남,41-50세,경상
2023112409,2023년 8월,주간,서울특별시 금천구,경상사고,0,0,1,0,차대차 - 충돌,안전운전불이행,건조,맑음,단일로 - 기타,승용,남,65세 이상,상해없음,이륜,남,31-40세,경상
2023112544,2023년 8월,야간,서울특별시 금천구,경상사고,0,0,1,0,차대차 - 추돌,안전운전불이행,건조,맑음,단일로 - 기타,승용,남,51-60세,상해없음,승용,남,51-60세,경상
2023112755,2023년 8월,주간,서울특별시 금천구,경상사고,0,0,1,0,차대사람 - 길가장자리구역통행중,안전운전불이행,건조,맑음,기타 - 기타,화물,남,51-60세,상해없음,보행자,여,31-40세,경상
2023113892,2023년 8월,주간,서울특별시 금천구,경상사고,0,0,1,0,차대차 - 충돌,안전운전불이행,건조,맑음,교차로 - 교차로부근,승용,남,41-50세,상해없음,승용,남,41-50세,경상
2023114274,2023년 8월,야간,서울특별시 금천구,중상사고,0,1,0,0,차대사람 - 기타,신호위반,건조,맑음,단일로 - 기타,승용,남,51-60세,상해없음,보행자,남,51-60세,중상
2023114301,2023년 8월,주간,서울특별시 금천구,중상사고,0,1,0,0,차대사람 - 횡단중,안전운전불이행,건조,맑음,기타 - 기타,승용,남,21-30세,상해없음,보행자,여,21-30세,중상
2023114482,2023년 8월,주간,서울특별시 금천구,중상사고,0,1,0,0,차대사람 - 횡단중,신호위반,건조,맑음,교차로 - 교차로횡단보도내,승용,여,65세 이상,상해없음,보행자,여,21-30세,중상
2023114991,2023년 8월,주간,서울특별시 금천구,경상사고,0,0,1,0,차대차 - 기타,안전거리미확보,건조,맑음,단일로 - 기타,승합,남,41-50세,기타불명,승용,남,51-60세,경상
2023115056,2023년 8월,주간,서울특별시 금천구,경상사고,0,0,1,0,차대차 - 충돌,안전운전불이행,건조,맑음,교차로 - 교차로부근,화물,남,51-60세,상해없음,이륜,남,51-60세,경상
2023115137,2023년 8월,주간,서울특별시 금천구,경상사고,0,0,1,0,차대차 - 기타,안전운전불이행,건조,맑음,교차로 - 교차로횡단보도내,승용,남,65세 이상,상해없음,자전거,남,31-40세,경상
2023115336,2023년 8월,야간,서울특별시 금천구,중상사고,0,1,0,0,차대차 - 충돌,신호위반,건조,맑음,단일로 - 기타,이륜,남,51-60세,중상,승합,남,51-60세,상해없음
2023115427,2023년 8월,야간,서울특별시 금천구,경상사고,0,0,2,0,차대차 - 충돌,안전운전불이행,건조,맑음,교차로 - 교차로부근,승용,여,31-40세,상해없음,승용,남,51-60세,경상
2023115567,2023년 8월,주간,서울특별시 금천구,경상사고,0,0,1,0,차대사람 - 기타,안전운전불이행,건조,맑음,교차로 - 교차로부근,승용,남,51-60세,상해없음,보행자,남,65세 이상,경상
2023115733,2023년 8월,주간,서울특별시 금천구,경상사고,0,0,1,0,차대차 - 충돌,안전운전불이행,건조,맑음,교차로 - 교차로안,승용,남,61-64세,상해없음,승합,남,51-60세,상해없음
2023115846,2023년 8월,야간,서울특별시 금천구,경상사고,0,0,1,0,차량단독 - 기타,안전운전불이행,건조,맑음,단일로 - 기타,승합,남,51-60세,상해없음,,,,
2023116147,2023년 8월,주간,서울특별시 금천구,중상사고,0,1,0,0,차대사람 - 기타,안전운전불이행,젖음/습기,비,교차로 - 교차로안,승용,남,51-60세,상해없음,보행자,여,65세 이상,중상
2023116323,2023년 8월,주간,서울특별시 금천구,경상사고,0,0,1,0,차대차 - 기타,안전운전불이행,젖음/습기,비,단일로 - 기타,승용,남,41-50세,상해없음,승용,남,51-60세,경상
2023116355,2023년 8월,야간,서울특별시 금천구,경상사고,0,0,1,0,차대차 - 충돌,안전운전불이행,젖음/습기,비,교차로 - 교차로안,승용,남,21-30세,기타불명,승용,남,41-50세,경상
2023116458,2023년 8월,야간,서울특별시 금천구,중상사고,0,1,0,1,차대사람 - 기타,신호위반,젖음/습기,비,교차로 - 교차로횡단보도내,이륜,남,21-30세,부상신고,보행자,남,13-20세,중상
2023116539,2023년 8월,주간,서울특별시 금천구,경상사고,0,0,1,0,차대사람 - 기타,보행자보호의무위반,젖음/습기,비,교차로 - 교차로횡단보도내,승용,남,31-40세,상해없음,보행자,여,21-30세,경상
2023117010,2023년 8월,야간,서울특별시 금천구,경상사고,0,0,1,0,차대차 - 충돌,안전거리미확보,젖음/습기,비,교차로 - 교차로부근,원동기,남,31-40세,경상,승용,여,31-40세,상해없음
2023117053,2023년 8월,야간,서울특별시 금천구,경상사고,0,0,1,0,차대차 - 기타,안전운전불이행,젖음/습기,비,교차로 - 교차로부근,승용,여,41-50세,상해없음,이륜,남,61-64세,경상
2023117403,2023년 8월,주간,서울특별시 금천구,중상사고,0,1,0,0,차대사람 - 횡단중,안전운전불이행,건조,흐림,단일로 - 기타,승용,남,61-64세,상해없음,보행자,여,12세 이하,중상
2023117516,2023년 8월,야간,서울특별시 금천구,경상사고,0,0,1,0,차대차 - 기타,신호위반,건조,맑음,교차로 - 교차로안,승용,남,61-64세,기타불명,승용,남,41-50세,경상
2023117543,2023년 8월,야간,서울특별시 금천구,경상사고,0,0,1,0,차대사람 - 보도통행중,기타,건조,맑음,교차로 - 교차로부근,자전거,남,31-40세,상해없음,보행자,여,51-60세,경상
2023118284,2023년 8월,주간,서울특별시 금천구,경상사고,0,0,3,0,차대차 - 충돌,기타,건조,맑음,단일로 - 지하차도(도로)내,승용,남,65세 이상,경상,승용,남,31-40세,경상
2023118564,2023년 8월,야간,서울특별시 금천구,중상사고,0,1,0,0,차대차 - 기타,중앙선침범,건조,맑음,교차로 - 교차로안,승용,남,31-40세,상해없음,이륜,남,65세 이상,중상
2023118890,2023년 8월,주간,서울특별시 금천구,경상사고,0,0,2,0,차대차 - 기타,안전운전불이행,건조,맑음,교차로 - 교차로부근,승용,남,51-60세,상해없음,승용,남,65세 이상,경상
2023119077,2023년 8월,주간,서울특별시 금천구,중상사고,0,1,1,0,차대사람 - 길가장자리구역통행중,안전운전불이행,건조,맑음,단일로 - 기타,개인형이동수단(PM),여,51-60세,중상,보행자,여,51-60세,경상
2023119134,2023년 8월,주간,서울특별시 금천구,경상사고,0,0,2,0,차대차 - 기타,안전운전불이행,건조,맑음,기타 - 기타,승용,남,31-40세,경상,승용,남,21-30세,경상
2023119135,2023년 8월,주간,서울특별시 금천구,중상사고,0,2,0,0,차대차 - 추돌,안전운전불이행,건조,맑음,단일로 - 기타,승용,남,41-50세,상해없음,승용,남,21-30세,중상
2023119136,2023년 8월,주간,서울특별시 금천구,경상사고,0,0,1,0,차대차 - 추돌,안전거리미확보,건조,맑음,단일로 - 기타,화물,남,51-60세,상해없음,승용,여,51-60세,경상
2023119677,2023년 8월,주간,서울특별시 금천구,중상사고,0,1,4,0,차대사람 - 기타,기타,건조,맑음,기타 - 기타,승용,남,31-40세,상해없음,보행자,여,31-40세,경상
2023119678,2023년 8월,주간,서울특별시 금천구,경상사고,0,0,1,0,차대사람 - 기타,기타,건조,맑음,단일로 - 기타,승합,남,41-50세,상해없음,보행자,남,51-60세,경상
2023119744,2023년 8월,주간,서울특별시 금천구,중상사고,0,1,1,0,차대차 - 충돌,안전운전불이행,건조,맑음,교차로 - 교차로부근,자전거,남,65세 이상,중상,자전거,남,31-40세,경상
2023119777,2023년 8월,주간,서울특별시 금천구,경상사고,0,0,1,1,차대차 - 기타,안전운전불이행,건조,맑음,단일로 - 기타,승용,남,41-50세,상해없음,승용,남,61-64세,경상
2023119807,2023년 8월,주간,서울특별시 금천구,중상사고,0,2,2,0,차대차 - 기타,신호위반,건조,맑음,교차로 - 교차로안,승용,남,31-40세,상해없음,화물,남,65세 이상,경상
2023119966,2023년 8월,주간,서울특별시 금천구,경상사고,0,0,1,0,차대차 - 기타,신호위반,건조,맑음,교차로 - 교차로안,자전거,여,31-40세,경상,승용,남,21-30세,상해없음
2023120004,2023년 8월,야간,서울특별시 금천구,경상사고,0,0,1,0,차대차 - 충돌,안전운전불이행,건조,맑음,주차장 - 주차장,승용,남,61-64세,상해없음,승용,여,65세 이상,경상
2023120082,2023년 8월,야간,서울특별시 금천구,경상사고,0,0,1,0,차대사람 - 기타,안전운전불이행,건조,맑음,단일로 - 기타,승용,남,61-64세,상해없음,보행자,남,41-50세,경상
2023120147,2023년 8월,야간,서울특별시 금천구,경상사고,0,0,2,0,차대차 - 추돌,안전운전불이행,건조,맑음,단일로 - 기타,승용,남,41-50세,상해없음,승용,남,51-60세,경상
2023120277,2023년 8월,주간,서울특별시 금천구,경상사고,0,0,1,0,차대차 - 기타,안전운전불이행,건조,맑음,교차로 - 교차로안,승용,남,51-60세,상해없음,이륜,남,51-60세,경상
2023120358,2023년 8월,주간,서울특별시 금천구,경상사고,0,0,1,0,차대차 - 기타,안전운전불이행,건조,맑음,기타 - 기타,승용,남,65세 이상,상해없음,승합,남,51-60세,상해없음
2023120488,2023년 8월,주간,서울특별시 금천구,경상사고,0,0,1,0,차대차 - 충돌,기타,건조,맑음,기타 - 기타,승용,남,21-30세,상해없음,자전거,남,61-64세,경상
2023120790,2023년 8월,야간,서울특별시 금천구,경상사고,0,0,1,0,차대차 - 추돌,안전운전불이행,건조,맑음,기타 - 기타,이륜,남,21-30세,경상,승용,남,41-50세,상해없음
2023120844,2023년 8월,야간,서울특별시 금천구,중상사고,0,1,0,0,차대차 - 충돌,중앙선침범,건조,맑음,단일로 - 기타,화물,남,61-64세,상해없음,이륜,남,31-40세,중상
2023121911,2023년 8월,주간,서울특별시 금천구,경상사고,0,0,1,0,차대차 - 기타,안전운전불이행,건조,맑음,교차로 - 교차로안,승용,남,41-50세,상해없음,자전거,남,65세 이상,경상
2023122276,2023년 8월,야간,서울특별시 금천구,경상사고,0,0,1,0,차대차 - 기타,안전운전불이행,건조,맑음,교차로 - 교차로안,승합,남,51-60세,상해없음,화물,남,61-64세,상해없음
2023122293,2023년 8월,야간,서울특별시 금천구,중상사고,0,1,1,0,차대차 - 충돌,신호위반,건조,맑음,교차로 - 교차로부근,이륜,남,51-60세,경상,이륜,남,31-40세,중상
2023122395,2023년 8월,주간,서울특별시 금천구,경상사고,0,0,2,0,차대차 - 충돌,안전운전불이행,건조,맑음,단일로 - 기타,승용,남,31-40세,경상,승용,남,21-30세,경상
2023122564,2023년 8월,주간,서울특별시 금천구,경상사고,0,0,2,0,차대차 - 기타,안전운전불이행,건조,맑음,교차로 - 교차로안,이륜,남,51-60세,경상,이륜,남,21-30세,경상
2023122565,2023년 8월,주간,서울특별시 금천구,경상사고,0,0,2,0,차대차 - 기타,안전운전불이행,건조,맑음,교차로 - 교차로안,승용,남,61-64세,상해없음,승용,남,51-60세,경상
2023123042,2023년 8월,주간,서울특별시 금천구,중상사고,0,1,1,0,차대사람 - 횡단중,안전운전불이행,건조,흐림,단일로 - 기타,승합,남,51-60세,상해없음,보행자,여,65세 이상,중상
2023123237,2023년 8월,주간,서울특별시 금천구,경상사고,0,0,2,0,차대차 - 충돌,안전운전불이행,젖음/습기,비,교차로 - 교차로안,승용,여,31-40세,경상,승용,남,51-60세,경상
2023123238,2023년 8월,주간,서울특별시 금천구,중상사고,0,1,0,0,차대차 - 기타,안전운전불이행,건조,맑음,단일로 - 기타,승용,남,61-64세,상해없음,승용,남,41-50세,중상
2023123389,2023년 8월,야간,서울특별시 금천구,중상사고,0,1,0,0,차대사람 - 차도통행중,기타,젖음/습기,흐림,단일로 - 기타,화물,남,51-60세,상해없음,보행자,남,65세 이상,중상
2023124475,2023년 8월,주간,서울특별시 금천구,중상사고,0,1,0,1,차대차 - 추돌,안전운전불이행,건조,맑음,기타 - 기타,화물,남,31-40세,부상신고,승용,남,61-64세,중상
2023125657,2023년 8월,주간,서울특별시 금천구,경상사고,0,0,2,0,차대차 - 기타,안전거리미확보,건조,맑음,기타 - 기타,승용,남,65세 이상,상해없음,승용,남,21-30세,경상
2023125812,2023년 8월,야간,서울특별시 금천구,중상사고,0,1,1,0,차대차 - 충돌,안전운전불이행,건조,맑음,교차로 - 교차로부근,이륜,남,20세 이하,경상,승용,여,31-40세,중상
2023125836,2023년 8월,야간,서울특별시 금천구,경상사고,0,0,1,0,차대사람 - 횡단중,안전운전불이행,건조,맑음,단일로 - 기타,기타불명,기타불명,기타불명,기타불명,보행자,여,13-20세,경상
2023126771,2023년 8월,주간,서울특별시 금천구,경상사고,0,0,1,0,차대차 - 추돌,안전운전불이행,젖음/습기,흐림,교차로 - 교차로안,승용,여,51-60세,상해없음,승용,남,51-60세,경상
2023126988,2023년 8월,야간,서울특별시 금천구,경상사고,0,0,1,0,차대차 - 추돌,안전운전불이행,건조,맑음,단일로 - 기타,이륜,남,20세 이하,상해없음,승용,남,61-64세,경상
2023127126,2023년 8월,주간,서울특별시 금천구,경상사고,0,0,1,0,차대차 - 추돌,안전거리미확보,건조,맑음,단일로 - 기타,화물,남,31-40세,상해없음,승용,남,31-40세,경상
2023127127,2023년 8월,주간,서울특별시 금천구,경상사고,0,0,4,0,차대차 - 충돌,신호위반,건조,맑음,교차로 - 교차로부근,승용,여,31-40세,경상,승용,여,41-50세,경상
2023127676,2023년 8월,주간,서울특별시 금천구,중상사고,0,1,0,0,차대사람 - 보도통행중,안전운전불이행,건조,맑음,기타 - 기타,자전거,남,41-50세,상해없음,보행자,남,61-64세,중상
2023127783,2023년 8월,주간,서울특별시 금천구,부상신고사고,0,0,0,1,차대차 - 충돌,안전운전불이행,건조,맑음,단일로 - 기타,이륜,남,65세 이상,부상신고,화물,남,41-50세,상해없음
2023127931,2023년 8월,주간,서울특별시 금천구,부상신고사고,0,0,0,1,차대사람 - 기타,안전운전불이행,건조,맑음,단일로 - 기타,기타불명,기타불명,기타불명,기타불명,보행자,여,31-40세,부상신고
2023128176,2023년 9월,야간,서울특별시 금천구,부상신고사고,0,0,0,1,차대차 - 충돌,안전거리미확보,건조,맑음,단일로 - 기타,승용,남,65세 이상,상해없음,원동기,남,21-30세,부상신고
2023128214,2023년 9월,주간,서울특별시 금천구,경상사고,0,0,1,0,차대사람 - 횡단중,보행자보호의무위반,건조,맑음,교차로 - 교차로안,승용,남,31-40세,상해없음,보행자,여,21-30세,경상
2023128335,2023년 9월,주간,서울특별시 금천구,중상사고,0,1,0,0,차대사람 - 기타,신호위반,건조,맑음,교차로 - 교차로안,화물,남,21-30세,상해없음,보행자,여,61-64세,중상
2023128562,2023년 9월,주간,서울특별시 금천구,경상사고,0,0,3,0,차대차 - 충돌,안전거리미확보,건조,맑음,단일로 - 기타,승용,여,51-60세,경상,승용,여,41-50세,경상
2023128805,2023년 9월,야간,서울특별시 금천구,경상사고,0,0,1,0,차대차 - 추돌,안전운전불이행,건조,맑음,단일로 - 기타,승합,남,51-60세,상해없음,승용,남,65세 이상,경상
2023128882,2023년 9월,야간,서울특별시 금천구,중상사고,0,2,2,0,차대차 - 충돌,안전운전불이행,건조,맑음,단일로 - 기타,승용,남,41-50세,상해없음,승용,기타불명,기타불명,기타불명
2023128960,2023년 9월,주간,서울특별시 금천구,경상사고,0,0,1,0,차대차 - 충돌,신호위반,건조,맑음,교차로 - 교차로안,승용,남,65세 이상,상해없음,승용,남,41-50세,경상
2023129466,2023년 9월,야간,서울특별시 금천구,경상사고,0,0,3,0,차대차 - 충돌,안전운전불이행,건조,맑음,단일로 - 기타,승용,남,51-60세,경상,원동기,남,13-20세,경상
2023129665,2023년 9월,주간,서울특별시 금천구,경상사고,0,0,1,0,차량단독 - 기타,기타,건조,맑음,단일로 - 기타,승합,남,65세 이상,상해없음,,,,
2023130309,2023년 9월,야간,서울특별시 금천구,경상사고,0,0,1,0,차대차 - 기타,안전운전불이행,건조,맑음,교차로 - 교차로안,승용,여,21-30세,상해없음,이륜,남,21-30세,경상
2023130310,2023년 9월,야간,서울특별시 금천구,경상사고,0,0,1,0,차대차 - 충돌,안전거리미확보,건조,맑음,단일로 - 기타,승합,남,61-64세,상해없음,이륜,남,21-30세,경상
2023130311,2023년 9월,야간,서울특별시 금천구,경상사고,0,0,4,0,차대차 - 기타,안전운전불이행,건조,맑음,교차로 - 교차로안,승합,남,21-30세,상해없음,승용,남,21-30세,경상
2023130540,2023년 9월,주간,서울특별시 금천구,경상사고,0,0,1,0,차대차 - 추돌,안전운전불이행,건조,맑음,단일로 - 기타,화물,남,65세 이상,상해없음,승용,여,51-60세,경상
2023130692,2023년 9월,주간,서울특별시 금천구,경상사고,0,0,1,0,차대차 - 기타,안전거리미확보,건조,맑음,단일로 - 기타,승용,여,65세 이상,상해없음,승용,남,31-40세,경상
2023130778,2023년 9월,주간,서울특별시 금천구,경상사고,0,0,1,0,차량단독 - 기타,기타,건조,맑음,단일로 - 기타,승합,남,51-60세,상해없음,,,,
2023130856,2023년 9월,주간,서울특별시 금천구,중상사고,0,1,0,0,차대차 - 추돌,안전운전불이행,건조,맑음,단일로 - 기타,승용,남,21-30세,상해없음,승용,남,41-50세,중상
2023130966,2023년 9월,야간,서울특별시 금천구,경상사고,0,0,1,0,차대차 - 기타,안전운전불이행,건조,맑음,단일로 - 기타,승용,남,31-40세,상해없음,승합,남,65세 이상,경상
2023131101,2023년 9월,야간,서울특별시 금천구,경상사고,0,0,1,0,차대차 - 기타,안전운전불이행,건조,맑음,교차로 - 교차로안,승용,남,65세 이상,상해없음,승용,남,61-64세,경상
2023131384,2023년 9월,주간,서울특별시 금천구,중상사고,0,1,0,0,차대사람 - 기타,안전운전불이행,건조,맑음,기타 - 기타,개인형이동수단(PM),여,20세 이하,상해없음,보행자,여,65세 이상,중상
2023131516,2023년 9월,야간,서울특별시 금천구,중상사고,0,1,0,0,차대사람 - 기타,안전운전불이행,건조,맑음,단일로 - 기타,승합,남,51-60세,상해없음,보행자,여,21-30세,중상
2023131803,2023년 9월,주간,서울특별시 금천구,경상사고,0,0,1,0,차대차 - 기타,안전운전불이행,건조,맑음,단일로 - 기타,승용,여,21-30세,상해없음,승용,여,31-40세,경상
2023131804,2023년 9월,주간,서울특별시 금천구,경상사고,0,0,1,0,차대차 - 충돌,안전운전불이행,건조,맑음,기타 - 기타,승용,남,41-50세,기타불명,승용,남,51-60세,경상
2023132027,2023년 9월,주간,서울특별시 금천구,중상사고,0,1,0,0,차대차 - 기타,안전운전불이행,건조,맑음,기타 - 기타,승용,남,65세 이상,상해없음,자전거,남,65세 이상,중상
2023132437,2023년 9월,주간,서울특별시 금천구,경상사고,0,0,1,0,차대차 - 추돌,안전거리미확보,건조,맑음,단일로 - 기타,승합,남,61-64세,상해없음,승용,여,51-60세,경상
2023132456,2023년 9월,주간,서울특별시 금천구,부상신고사고,0,0,0,1,차대사람 - 보도통행중,안전운전불이행,건조,맑음,단일로 - 기타,자전거,기타불명,기타불명,기타불명,보행자,여,21-30세,부상신고
2023132578,2023년 9월,주간,서울특별시 금천구,경상사고,0,0,2,0,차대차 - 충돌,안전운전불이행,건조,맑음,교차로 - 교차로안,화물,남,31-40세,상해없음,화물,남,21-30세,경상
2023133368,2023년 9월,주간,서울특별시 금천구,경상사고,0,0,2,0,차대차 - 충돌,안전거리미확보,건조,맑음,단일로 - 기타,승용,남,65세 이상,상해없음,승용,여,41-50세,경상
2023133486,2023년 9월,주간,서울특별시 금천구,경상사고,0,0,1,0,차대차 - 기타,안전운전불이행,건조,맑음,교차로 - 교차로안,승용,여,51-60세,상해없음,화물,남,21-30세,경상
2023133878,2023년 9월,주간,서울특별시 금천구,경상사고,0,0,1,0,차대차 - 추돌,안전운전불이행,건조,맑음,단일로 - 기타,이륜,남,31-40세,상해없음,승용,남,61-64세,경상
2023134322,2023년 9월,주간,서울특별시 금천구,중상사고,0,1,0,0,차대사람 - 기타,안전운전불이행,건조,맑음,교차로 - 교차로부근,승합,남,61-64세,상해없음,보행자,남,51-60세,중상
2023134477,2023년 9월,주간,서울특별시 금천구,경상사고,0,0,1,0,차대차 - 충돌,안전운전불이행,건조,맑음,교차로 - 교차로안,승용,남,65세 이상,상해없음,원동기,남,51-60세,경상
2023134639,2023년 9월,야간,서울특별시 금천구,경상사고,0,0,1,0,차대사람 - 차도통행중,보행자보호의무위반,건조,맑음,교차로 - 교차로부근,승용,남,61-64세,상해없음,보행자,남,31-40세,경상
2023134896,2023년 9월,주간,서울특별시 금천구,경상사고,0,0,1,0,차대차 - 추돌,안전운전불이행,건조,맑음,단일로 - 기타,승용,여,31-40세,상해없음,승용,여,31-40세,경상
2023134925,2023년 9월,주간,서울특별시 금천구,경상사고,0,0,1,0,차대차 - 충돌,안전거리미확보,건조,맑음,교차로 - 교차로부근,승용,남,51-60세,상해없음,승용,남,21-30세,경상
2023135002,2023년 9월,주간,서울특별시 금천구,경상사고,0,0,1,0,차대차 - 추돌,안전운전불이행,건조,맑음,단일로 - 기타,승용,여,31-40세,상해없음,승용,여,21-30세,경상
2023135525,2023년 9월,주간,서울특별시 금천구,중상사고,0,1,0,0,차량단독 - 기타,안전운전불이행,건조,맑음,단일로 - 기타,승합,남,51-60세,상해없음,,,,
2023135645,2023년 9월,주간,서울특별시 금천구,경상사고,0,0,2,2,차대차 - 충돌,안전운전불이행,건조,맑음,단일로 - 기타,승용,남,65세 이상,부상신고,승용,남,21-30세,경상
2023135793,2023년 9월,주간,서울특별시 금천구,경상사고,0,0,1,0,차대사람 - 기타,중앙선침범,건조,맑음,단일로 - 기타,화물,남,41-50세,상해없음,보행자,남,31-40세,경상
2023136024,2023년 9월,야간,서울특별시 금천구,경상사고,0,0,1,1,차대차 - 추돌,안전거리미확보,젖음/습기,비,단일로 - 기타,이륜,남,21-30세,경상,승용,남,21-30세,부상신고
2023136449,2023년 9월,주간,서울특별시 금천구,경상사고,0,0,5,1,차대차 - 기타,안전운전불이행,건조,맑음,단일로 - 기타,화물,남,51-60세,부상신고,승합,남,51-60세,경상
2023136541,2023년 9월,야간,서울특별시 금천구,중상사고,0,1,0,0,차대사람 - 횡단중,보행자보호의무위반,건조,맑음,교차로 - 교차로안,화물,남,21-30세,상해없음,보행자,여,65세 이상,중상
2023136737,2023년 9월,주간,서울특별시 금천구,부상신고사고,0,0,0,1,차대차 - 충돌,안전거리미확보,젖음/습기,비,단일로 - 기타,승용,남,51-60세,상해없음,승용,남,41-50세,부상신고
2023136914,2023년 9월,주간,서울특별시 금천구,경상사고,0,0,1,0,차대차 - 기타,안전거리미확보,건조,맑음,기타 - 기타,승용,남,65세 이상,상해없음,승용,남,21-30세,경상
2023137158,2023년 9월,야간,서울특별시 금천구,경상사고,0,0,1,0,차대차 - 충돌,신호위반,건조,맑음,기타 - 기타,이륜,남,21-30세,상해없음,이륜,남,31-40세,경상
2023137298,2023년 9월,야간,서울특별시 금천구,부상신고사고,0,0,0,1,차대차 - 충돌,안전운전불이행,젖음/습기,비,기타 - 기타,개인형이동수단(PM),남,21-30세,부상신고,이륜,남,51-60세,상해없음
2023137299,2023년 9월,야간,서울특별시 금천구,경상사고,0,0,2,0,차대차 - 추돌,안전운전불이행,건조,맑음,교차로 - 교차로부근,승용,남,41-50세,상해없음,승용,남,31-40세,경상
2023137649,2023년 9월,주간,서울특별시 금천구,경상사고,0,0,1,0,차대사람 - 기타,안전운전불이행,건조,맑음,단일로 - 기타,승용,남,51-60세,상해없음,보행자,남,21-30세,경상
2023138265,2023년 9월,야간,서울특별시 금천구,경상사고,0,0,1,0,차대차 - 기타,안전운전불이행,건조,맑음,교차로 - 교차로부근,자전거,남,31-40세,상해없음,이륜,여,31-40세,경상
2023138624,2023년 9월,주간,서울특별시 금천구,경상사고,0,0,1,0,차대사람 - 기타,보행자보호의무위반,건조,맑음,교차로 - 교차로횡단보도내,승용,남,65세 이상,기타불명,보행자,남,31-40세,경상
2023138836,2023년 9월,야간,서울특별시 금천구,경상사고,0,0,1,0,차대사람 - 횡단중,보행자보호의무위반,건조,맑음,교차로 - 교차로횡단보도내,승용,남,41-50세,상해없음,보행자,여,21-30세,경상
2023139417,2023년 9월,야간,서울특별시 금천구,경상사고,0,0,1,0,차대차 - 기타,안전운전불이행,건조,맑음,교차로 - 교차로안,화물,남,51-60세,상해없음,이륜,남,61-64세,경상
2023139494,2023년 9월,야간,서울특별시 금천구,부상신고사고,0,0,0,1,차대차 - 충돌,안전운전불이행,건조,맑음,교차로 - 교차로안,화물,남,21-30세,상해없음,승용,남,31-40세,부상신고
2023140027,2023년 9월,야간,서울특별시 금천구,중상사고,0,1,0,0,차대사람 - 차도통행중,안전운전불이행,건조,맑음,교차로 - 교차로안,승용,남,31-40세,상해없음,보행자,여,31-40세,중상
2023140317,2023년 9월,주간,서울특별시 금천구,중상사고,0,1,0,0,차대사람 - 보도통행중,기타,건조,맑음,기타 - 기타,승용,남,51-60세,상해없음,보행자,여,12세 이하,중상
2023140735,2023년 9월,야간,서울특별시 금천구,중상사고,0,1,0,0,차대차 - 충돌,안전거리미확보,건조,맑음,단일로 - 기타,승용,남,65세 이상,상해없음,승용,남,21-30세,중상
2023140802,2023년 9월,야간,서울특별시 금천구,중상사고,0,1,0,0,차대사람 - 기타,안전운전불이행,건조,맑음,단일로 - 기타,승용,남,21-30세,상해없음,보행자,남,41-50세,중상
2023141090,2023년 9월,주간,서울특별시 금천구,경상사고,0,0,1,0,차대차 - 충돌,안전운전불이행,건조,맑음,기타 - 기타,승용,남,65세 이상,상해없음,승용,남,31-40세,경상