구분번호,발생년월,주야,시군구,사고내용,사망자수,중상자수,경상자수,부상신고자수,사고유형,법규위반,노면상태,기상상태,도로형태,가해운전자 차종,가해운전자 성별,가해운전자 연령대,가해운전자 상해정도,피해운전자 차종,피해운전자 성별,피해운전자 연령대,피해운전자 상해정도
2023141560,2023년 9월,야간,서울특별시 금천구,부상신고사고,0,0,0,2,차대차 - 충돌,안전거리미확보,건조,맑음,단일로 - 교량,승용,남,41-50세,기타불명,승용,남,31-40세,부상신고
2023141714,2023년 9월,주간,서울특별시 금천구,중상사고,0,1,0,0,차대차 - 기타,안전운전불이행,건조,맑음,교차로 - 교차로안,승용,남,41-50세,상해없음,이륜,여,21-30세,중상
2023142007,2023년 9월,주간,서울특별시 금천구,경상사고,0,0,1,0,차대차 - 기타,안전운전불이행,건조,맑음,기타 - 기타,승용,남,41-50세,상해없음,이륜,남,31-40세,경상
2023142121,2023년 9월,야간,서울특별시 금천구,경상사고,0,0,1,0,차대차 - 충돌,안전거리미확보,건조,맑음,교차로 - 교차로부근,승용,남,41-50세,상해없음,승용,남,31-40세,경상
2023142218,2023년 9월,야간,서울특별시 금천구,경상사고,0,0,6,0,차대차 - 기타,신호위반,건조,맑음,교차로 - 교차로안,승용,남,61-64세,상해없음,승합,남,51-60세,경상
2023142220,2023년 9월,야간,서울특별시 금천구,경상사고,0,0,1,0,차대차 - 충돌,신호위반,건조,맑음,교차로 - 교차로안,승용,여,31-40세,상해없음,이륜,남,13-20세,경상
2023142644,2023년 9월,야간,서울특별시 금천구,경상사고,0,0,1,0,차대차 - 기타,신호위반,건조,맑음,교차로 - 교차로안,승용,남,61-64세,상해없음,원동기,남,31-40세,경상
2023142760,2023년 9월,주간,서울특별시 금천구,경상사고,0,0,1,0,차대차 - 기타,안전거리미확보,건조,맑음,기타 - 기타,승용,남,21-30세,상해없음,승용,남,31-40세,경상
2023142877,2023년 9월,주간,서울특별시 금천구,경상사고,0,0,4,0,차대차 - 추돌,안전운전불이행,건조,맑음,단일로 - 기타,승합,남,51-60세,상해없음,승합,남,51-60세,경상
2023143080,2023년 9월,주간,서울특별시 금천구,부상신고사고,0,0,0,1,차량단독 - 충돌,안전운전불이행,건조,맑음,단일로 - 기타,화물,남,31-40세,부상신고,,,,
2023143157,2023년 9월,주간,서울특별시 금천구,경상사고,0,0,1,0,차대차 - 기타,안전운전불이행,젖음/습기,비,단일로 - 기타,승합,남,65세 이상,상해없음,이륜,남,41-50세,경상
2023143353,2023년 9월,야간,서울특별시 금천구,경상사고,0,0,1,0,차량단독 - 기타,안전운전불이행,건조,맑음,교차로 - 교차로안,승합,남,41-50세,상해없음,,,,
2023143831,2023년 9월,주간,서울특별시 금천구,중상사고,0,1,0,0,차대사람 - 기타,안전운전불이행,젖음/습기,비,단일로 - 기타,기타불명,기타불명,기타불명,기타불명,보행자,여,65세 이상,중상
2023143885,2023년 9월,야간,서울특별시 금천구,경상사고,0,0,1,0,차량단독 - 기타,안전운전불이행,건조,맑음,단일로 - 기타,승합,남,61-64세,상해없음,,,,
2023144428,2023년 9월,주간,서울특별시 금천구,경상사고,0,0,1,0,차대차 - 기타,기타,건조,맑음,교차로 - 교차로안,승용,여,41-50세,상해없음,원동기,남,51-60세,경상
2023144524,2023년 9월,주간,서울특별시 금천구,사망사고,1,0,0,0,차량단독 - 충돌,안전운전불이행,건조,맑음,교차로 - 교차로안,화물,남,65세 이상,사망,,,,
2023144525,2023년 9월,주간,서울특별시 금천구,경상사고,0,0,2,0,차대차 - 기타,안전운전불이행,건조,맑음,교차로 - 교차로안,건설기계,남,51-60세,상해없음,화물,남,51-60세,경상
2023144526,2023년 9월,주간,서울특별시 금천구,경상사고,0,0,8,0,차대차 - 기타,안전운전불이행,건조,맑음,기타 - 기타,승합,남,65세 이상,상해없음,승합,남,61-64세,경상
2023144642,2023년 9월,야간,서울특별시 금천구,경상사고,0,0,1,0,차대차 - 기타,기타,건조,맑음,기타 - 기타,승용,남,65세 이상,상해없음,이륜,남,13-20세,경상
2023144697,2023년 9월,야간,서울특별시 금천구,경상사고,0,0,1,0,차대차 - 충돌,안전운전불이행,건조,맑음,기타 - 기타,승용,남,61-64세,상해없음,승용,남,41-50세,경상
2023145374,2023년 9월,주간,서울특별시 금천구,중상사고,0,1,0,0,차대차 - 추돌,안전운전불이행,건조,맑음,기타 - 기타,승용,여,21-30세,상해없음,승용,남,21-30세,중상
2023145464,2023년 9월,주간,서울특별시 금천구,중상사고,0,1,0,1,차대차 - 기타,안전운전불이행,건조,맑음,교차로 - 교차로부근,자전거,남,20세 이하,부상신고,자전거,남,41-50세,중상
2023145556,2023년 9월,야간,서울특별시 금천구,경상사고,0,0,3,0,차대차 - 충돌,신호위반,건조,맑음,교차로 - 교차로안,승용,남,61-64세,상해없음,승용,남,41-50세,경상
2023145701,2023년 9월,주간,서울특별시 금천구,부상신고사고,0,0,0,1,차대차 - 기타,안전운전불이행,건조,맑음,교차로 - 교차로부근,승용,여,51-60세,상해없음,이륜,남,21-30세,부상신고
2023145995,2023년 9월,야간,서울특별시 금천구,경상사고,0,0,4,0,차대차 - 추돌,안전운전불이행,건조,맑음,교차로 - 교차로부근,승용,남,31-40세,상해없음,승용,여,21-30세,경상
2023146099,2023년 10월,주간,서울특별시 금천구,경상사고,0,0,2,0,차대차 - 기타,안전운전불이행,건조,맑음,교차로 - 교차로안,승용,남,21-30세,상해없음,승용,여,51-60세,경상
2023146530,2023년 10월,주간,서울특별시 금천구,경상사고,0,0,1,0,차량단독 - 기타,기타,건조,맑음,교차로 - 교차로부근,승합,남,51-60세,상해없음,,,,
2023146647,2023년 10월,주간,서울특별시 금천구,경상사고,0,0,1,0,차대사람 - 기타,보행자보호의무위반,건조,맑음,교차로 - 교차로횡단보도내,승용,남,51-60세,상해없음,보행자,남,41-50세,경상
2023146881,2023년 10월,야간,서울특별시 금천구,중상사고,0,1,0,0,차대차 - 충돌,안전운전불이행,건조,맑음,교차로 - 교차로안,승용,남,65세 이상,상해없음,이륜,남,21-30세,중상
2023147279,2023년 10월,주간,서울특별시 금천구,경상사고,0,0,1,0,차대사람 - 횡단중,안전운전불이행,건조,맑음,교차로 - 교차로안,화물,남,51-60세,상해없음,보행자,여,61-64세,경상
2023147658,2023년 10월,야간,서울특별시 금천구,경상사고,0,0,1,0,차대차 - 충돌,안전운전불이행,젖음/습기,흐림,단일로 - 기타,승용,남,65세 이상,상해없음,승용,남,41-50세,경상
2023148055,2023년 10월,주간,서울특별시 금천구,부상신고사고,0,0,0,1,차대사람 - 보도통행중,안전운전불이행,건조,맑음,교차로 - 교차로부근,승용,남,61-64세,상해없음,보행자,여,61-64세,부상신고
2023148401,2023년 10월,야간,서울특별시 금천구,경상사고,0,0,1,0,차대차 - 기타,안전운전불이행,건조,맑음,교차로 - 교차로부근,승용,남,65세 이상,기타불명,승용,남,41-50세,경상
2023148876,2023년 10월,야간,서울특별시 금천구,중상사고,0,1,0,0,차대사람 - 차도통행중,안전운전불이행,건조,맑음,단일로 - 기타,이륜,남,21-30세,상해없음,보행자,여,65세 이상,중상
2023148936,2023년 10월,야간,서울특별시 금천구,경상사고,0,0,2,0,차대차 - 충돌,신호위반,건조,맑음,교차로 - 교차로안,승용,남,51-60세,상해없음,원동기,남,21-30세,경상
2023149164,2023년 10월,주간,서울특별시 금천구,부상신고사고,0,0,0,1,차대차 - 기타,안전운전불이행,건조,맑음,단일로 - 기타,자전거,남,51-60세,부상신고,이륜,남,51-60세,상해없음
2023149231,2023년 10월,주간,서울특별시 금천구,부상신고사고,0,0,0,1,차량단독 - 기타,기타,건조,맑음,기타 - 기타,승합,남,51-60세,상해없음,,,,
2023149457,2023년 10월,야간,서울특별시 금천구,경상사고,0,0,2,0,차대차 - 기타,안전운전불이행,건조,맑음,기타 - 기타,승용,여,31-40세,경상,승용,남,31-40세,경상
2023149579,2023년 10월,주간,서울특별시 금천구,경상사고,0,0,1,0,차대차 - 추돌,안전운전불이행,젖음/습기,맑음,단일로 - 기타,승용,여,51-60세,상해없음,이륜,남,65세 이상,경상
2023149592,2023년 10월,주간,서울특별시 금천구,경상사고,0,0,1,0,차대사람 - 횡단중,안전운전불이행,건조,맑음,교차로 - 교차로안,화물,남,51-60세,상해없음,보행자,남,65세 이상,경상
2023149651,2023년 10월,주간,서울특별시 금천구,경상사고,0,0,1,0,차대차 - 기타,안전운전불이행,건조,맑음,교차로 - 교차로안,화물,남,65세 이상,상해없음,이륜,남,31-40세,경상
2023149770,2023년 10월,야간,서울특별시 금천구,경상사고,0,0,1,0,차대사람 - 횡단중,안전운전불이행,건조,맑음,단일로 - 기타,승용,남,31-40세,상해없음,보행자,여,13-20세,경상
2023149899,2023년 10월,주간,서울특별시 금천구,부상신고사고,0,0,0,1,차대차 - 기타,신호위반,건조,맑음,교차로 - 교차로부근,승합,남,51-60세,상해없음,화물,남,21-30세,상해없음
2023150123,2023년 10월,야간,서울특별시 금천구,중상사고,0,1,0,0,차대차 - 기타,신호위반,건조,맑음,교차로 - 교차로안,승합,남,51-60세,상해없음,원동기,남,51-60세,중상
2023150222,2023년 10월,야간,서울특별시 금천구,경상사고,0,0,1,0,차대차 - 기타,기타,건조,맑음,단일로 - 기타,승용,남,65세 이상,상해없음,이륜,남,41-50세,경상
2023150364,2023년 10월,주간,서울특별시 금천구,경상사고,0,0,2,0,차대차 - 추돌,안전운전불이행,건조,맑음,교차로 - 교차로부근,승용,남,31-40세,상해없음,승용,여,31-40세,경상
2023150478,2023년 10월,주간,서울특별시 금천구,중상사고,0,1,0,1,차대사람 - 횡단중,신호위반,건조,맑음,교차로 - 교차로부근,이륜,남,21-30세,부상신고,보행자,남,31-40세,중상
2023150509,2023년 10월,주간,서울특별시 금천구,경상사고,0,0,2,1,차대차 - 충돌,안전운전불이행,건조,맑음,교차로 - 교차로안,이륜,남,51-60세,부상신고,승용,남,51-60세,경상
2023150667,2023년 10월,주간,서울특별시 금천구,부상신고사고,0,0,0,1,차대차 - 충돌,신호위반,건조,맑음,교차로 - 교차로부근,승용,남,65세 이상,상해없음,이륜,남,21-30세,부상신고
2023150746,2023년 10월,야간,서울특별시 금천구,경상사고,0,0,1,0,차대차 - 충돌,안전운전불이행,건조,맑음,단일로 - 기타,화물,남,41-50세,상해없음,승용,남,31-40세,경상
2023151005,2023년 10월,주간,서울특별시 금천구,경상사고,0,0,1,0,차대차 - 기타,안전운전불이행,건조,맑음,교차로 - 교차로안,이륜,남,31-40세,경상,승용,남,41-50세,상해없음
2023151208,2023년 10월,주간,서울특별시 금천구,경상사고,0,0,1,0,차대차 - 기타,안전운전불이행,건조,맑음,교차로 - 교차로부근,승합,남,61-64세,상해없음,승용,남,31-40세,경상
2023151368,2023년 10월,야간,서울특별시 금천구,경상사고,0,0,1,0,차대사람 - 보도통행중,기타,건조,맑음,단일로 - 기타,개인형이동수단(PM),남,20세 이하,상해없음,보행자,여,65세 이상,경상
2023151704,2023년 10월,주간,서울특별시 금천구,경상사고,0,0,1,0,차대차 - 기타,신호위반,건조,맑음,단일로 - 기타,화물,남,61-64세,상해없음,화물,남,61-64세,경상
2023152189,2023년 10월,주간,서울특별시 금천구,경상사고,0,0,1,0,차대차 - 기타,안전운전불이행,건조,맑음,교차로 - 교차로부근,승용,남,31-40세,상해없음,원동기,남,61-64세,경상
2023152440,2023년 10월,주간,서울특별시 금천구,경상사고,0,0,2,1,차대차 - 충돌,안전운전불이행,건조,맑음,교차로 - 교차로안,개인형이동수단(PM),남,21-30세,상해없음,기타불명,남,65세 이상,경상
2023152676,2023년 10월,야간,서울특별시 금천구,경상사고,0,0,1,0,차대차 - 기타,안전운전불이행,건조,맑음,단일로 - 기타,승용,여,51-60세,상해없음,승용,남,65세 이상,경상
2023152753,2023년 10월,야간,서울특별시 금천구,경상사고,0,0,1,0,차량단독 - 기타,안전운전불이행,건조,맑음,기타 - 기타,승합,남,65세 이상,상해없음,,,,
2023152867,2023년 10월,야간,서울특별시 금천구,경상사고,0,0,2,0,차대차 - 충돌,안전운전불이행,건조,맑음,단일로 - 기타,승용,남,31-40세,상해없음,승용,남,51-60세,경상
2023152899,2023년 10월,주간,서울특별시 금천구,중상사고,0,1,0,0,차량단독 - 충돌,안전운전불이행,젖음/습기,비,단일로 - 기타,승용,남,51-60세,중상,,,,
2023152972,2023년 10월,주간,서울특별시 금천구,중상사고,0,1,0,0,차대차 - 충돌,중앙선침범,젖음/습기,비,기타 - 기타,승용,남,31-40세,상해없음,이륜,여,21-30세,중상
2023153601,2023년 10월,주간,서울특별시 금천구,경상사고,0,0,1,0,차대사람 - 차도통행중,안전운전불이행,건조,맑음,단일로 - 기타,승용,남,41-50세,상해없음,보행자,여,65세 이상,경상
2023153842,2023년 10월,주간,서울특별시 금천구,경상사고,0,0,1,0,차대사람 - 기타,안전운전불이행,건조,맑음,단일로 - 기타,화물,남,65세 이상,상해없음,보행자,여,65세 이상,경상
2023154253,2023년 10월,야간,서울특별시 금천구,경상사고,0,0,1,1,차대차 - 충돌,안전운전불이행,건조,맑음,단일로 - 기타,승용,여,41-50세,부상신고,승용,남,21-30세,경상
2023154651,2023년 10월,주간,서울특별시 금천구,경상사고,0,0,1,0,차대사람 - 기타,안전운전불이행,건조,맑음,교차로 - 교차로부근,승합,남,65세 이상,상해없음,보행자,여,65세 이상,경상
2023154802,2023년 10월,주간,서울특별시 금천구,경상사고,0,0,2,0,차대차 - 충돌,중앙선침범,건조,맑음,교차로 - 교차로부근,승용,남,21-30세,상해없음,승용,남,31-40세,경상
2023155292,2023년 10월,주간,서울특별시 금천구,중상사고,0,1,1,0,차대차 - 기타,안전운전불이행,건조,맑음,단일로 - 기타,승용,여,31-40세,경상,승용,남,51-60세,상해없음
2023155853,2023년 10월,주간,서울특별시 금천구,경상사고,0,0,1,0,차대차 - 기타,안전운전불이행,건조,맑음,교차로 - 교차로부근,승합,남,41-50세,상해없음,화물,남,51-60세,경상
2023155984,2023년 10월,주간,서울특별시 금천구,경상사고,0,0,1,0,차대사람 - 기타,안전운전불이행,건조,맑음,단일로 - 기타,자전거,남,65세 이상,상해없음,보행자,여,65세 이상,경상
2023156020,2023년 10월,주간,서울특별시 금천구,경상사고,0,0,3,0,차대차 - 충돌,안전거리미확보,건조,맑음,단일로 - 기타,화물,남,41-50세,상해없음,화물,남,41-50세,경상
2023156101,2023년 10월,야간,서울특별시 금천구,경상사고,0,0,1,0,차대차 - 기타,안전운전불이행,건조,맑음,교차로 - 교차로안,승용,남,31-40세,상해없음,승합,남,31-40세,경상
2023156243,2023년 10월,야간,서울특별시 금천구,경상사고,0,0,1,0,차대차 - 추돌,안전운전불이행,건조,맑음,단일로 - 기타,승용,남,31-40세,상해없음,승용,여,51-60세,경상
2023156303,2023년 10월,야간,서울특별시 금천구,중상사고,0,1,0,0,차대차 - 충돌,신호위반,건조,맑음,교차로 - 교차로안,이륜,남,21-30세,상해없음,이륜,남,31-40세,중상
2023156376,2023년 10월,주간,서울특별시 금천구,부상신고사고,0,0,0,1,차대차 - 충돌,안전운전불이행,건조,맑음,교차로 - 교차로부근,승합,남,61-64세,상해없음,승용,남,31-40세,상해없음
2023156432,2023년 10월,주간,서울특별시 금천구,중상사고,0,1,0,0,차대사람 - 기타,안전운전불이행,건조,맑음,단일로 - 기타,승용,남,31-40세,상해없음,보행자,여,65세 이상,중상
2023157689,2023년 10월,주간,서울특별시 금천구,중상사고,0,1,0,0,차량단독 - 기타,안전운전불이행,건조,맑음,단일로 - 기타,승합,남,61-64세,상해없음,,,,
2023157795,2023년 10월,주간,서울특별시 금천구,경상사고,0,0,2,0,차대차 - 추돌,안전운전불이행,건조,맑음,단일로 - 지하차도(도로)내,승용,남,31-40세,상해없음,승용,남,41-50세,경상
2023157818,2023년 10월,주간,서울특별시 금천구,중상사고,0,1,0,0,차대사람 - 기타,보행자보호의무위반,건조,맑음,단일로 - 기타,승용,남,21-30세,상해없음,보행자,남,51-60세,중상
2023157819,2023년 10월,주간,서울특별시 금천구,경상사고,0,0,1,0,차대차 - 기타,안전운전불이행,건조,맑음,교차로 - 교차로안,승용,여,41-50세,상해없음,원동기,남,21-30세,경상
2023157913,2023년 10월,주간,서울특별시 금천구,경상사고,0,0,4,0,차대차 - 기타,안전운전불이행,건조,맑음,단일로 - 기타,승용,남,61-64세,상해없음,승용,남,31-40세,경상
2023158234,2023년 10월,주간,서울특별시 금천구,경상사고,0,0,2,0,차대차 - 추돌,안전운전불이행,건조,맑음,단일로 - 기타,승용,남,21-30세,상해없음,승용,남,41-50세,경상
2023158383,2023년 10월,주간,서울특별시 금천구,경상사고,0,0,2,1,차대차 - 충돌,안전운전불이행,건조,맑음,교차로 - 교차로안,승용,남,41-50세,부상신고,승용,남,51-60세,경상
2023158422,2023년 10월,주간,서울특별시 금천구,중상사고,0,1,0,0,차대차 - 기타,신호위반,건조,맑음,교차로 - 교차로안,원동기,남,41-50세,상해없음,자전거,남,65세 이상,중상
2023158496,2023년 10월,야간,서울특별시 금천구,경상사고,0,0,1,0,차대차 - 충돌,기타,건조,맑음,기타 - 기타,승용,남,61-64세,상해없음,승용,여,41-50세,경상
2023158559,2023년 10월,야간,서울특별시 금천구,경상사고,0,0,1,0,차대차 - 기타,안전운전불이행,건조,맑음,기타 - 기타,승용,남,31-40세,상해없음,이륜,여,31-40세,경상
2023158727,2023년 10월,주간,서울특별시 금천구,경상사고,0,0,1,0,차량단독 - 기타,기타,건조,맑음,기타 - 기타,승합,남,51-60세,상해없음,,,,
2023159085,2023년 10월,야간,서울특별시 금천구,중상사고,0,1,0,0,차대차 - 충돌,안전운전불이행,건조,맑음,교차로 - 교차로안,이륜,남,21-30세,중상,화물,남,21-30세,상해없음
2023159307,2023년 10월,주간,서울특별시 금천구,중상사고,0,1,0,0,차대사람 - 기타,안전운전불이행,건조,맑음,단일로 - 기타,승용,남,65세 이상,상해없음,보행자,여,65세 이상,중상
2023159436,2023년 10월,주간,서울특별시 금천구,경상사고,0,0,1,0,차대차 - 충돌,안전운전불이행,건조,맑음,교차로 - 교차로안,화물,남,51-60세,상해없음,승합,남,41-50세,경상
2023159642,2023년 10월,야간,서울특별시 금천구,경상사고,0,0,1,0,차량단독 - 기타,안전운전불이행,건조,맑음,단일로 - 기타,승합,남,51-60세,상해없음,,,,
2023160235,2023년 10월,야간,서울특별시 금천구,부상신고사고,0,0,0,1,차대사람 - 보도통행중,보행자보호의무위반,건조,맑음,교차로 - 교차로횡단보도내,기타불명,기타불명,기타불명,기타불명,보행자,여,31-40세,부상신고
2023160236,2023년 10월,야간,서울특별시 금천구,경상사고,0,0,2,0,차대차 - 충돌,안전거리미확보,건조,맑음,단일로 - 기타,승용,여,61-64세,경상,승용,남,21-30세,경상
2023160304,2023년 10월,야간,서울특별시 금천구,중상사고,0,1,0,0,차량단독 - 기타,기타,건조,맑음,단일로 - 기타,승합,남,51-60세,기타불명,,,,
2023160478,2023년 10월,주간,서울특별시 금천구,경상사고,0,0,1,0,차대차 - 기타,안전운전불이행,건조,맑음,교차로 - 교차로부근,승용,여,31-40세,상해없음,승용,남,31-40세,경상
2023160557,2023년 10월,주간,서울특별시 금천구,중상사고,0,1,0,0,차대사람 - 횡단중,안전운전불이행,건조,맑음,단일로 - 기타,화물,남,51-60세,상해없음,보행자,남,65세 이상,중상
2023160587,2023년 10월,주간,서울특별시 금천구,경상사고,0,0,1,0,차대사람 - 기타,안전운전불이행,건조,맑음,교차로 - 교차로부근,승합,남,61-64세,상해없음,보행자,여,65세 이상,경상
2023160618,2023년 10월,주간,서울특별시 금천구,중상사고,0,1,0,0,차대사람 - 횡단중,안전운전불이행,건조,맑음,교차로 - 교차로횡단보도내,승용,남,21-30세,상해없음,보행자,남,51-60세,중상
2023160735,2023년 10월,주간,서울특별시 금천구,경상사고,0,0,2,0,차대차 - 충돌,안전거리미확보,건조,맑음,단일로 - 기타,이륜,남,65세 이상,경상,승용,남,31-40세,경상
2023160785,2023년 10월,주간,서울특별시 금천구,중상사고,0,1,0,0,차대차 - 충돌,안전운전불이행,건조,맑음,단일로 - 기타,승용,남,51-60세,상해없음,이륜,남,21-30세,중상
2023161357,2023년 10월,주간,서울특별시 금천구,중상사고,0,1,1,0,차대사람 - 기타,안전운전불이행,건조,맑음,단일로 - 기타,자전거,남,41-50세,경상,보행자,남,65세 이상,중상
2023161572,2023년 10월,야간,서울특별시 금천구,중상사고,0,1,1,0,차대차 - 충돌,신호위반,건조,맑음,교차로 - 교차로안,개인형이동수단(PM),남,31-40세,중상,원동기,남,21-30세,경상
2023161846,2023년 10월,주간,서울특별시 금천구,경상사고,0,0,1,0,차대사람 - 보도통행중,보행자보호의무위반,건조,맑음,기타 - 기타,개인형이동수단(PM),남,41-50세,상해없음,보행자,남,61-64세,경상
2023162130,2023년 10월,야간,서울특별시 금천구,경상사고,0,0,1,0,차대차 - 추돌,안전운전불이행,건조,맑음,단일로 - 기타,승용,남,31-40세,상해없음,승용,여,51-60세,경상
2023162323,2023년 10월,주간,서울특별시 금천구,경상사고,0,0,1,0,차대사람 - 기타,신호위반,건조,맑음,교차로 - 교차로횡단보도내,이륜,남,41-50세,기타불명,보행자,남,21-30세,경상
2023162574,2023년 10월,야간,서울특별시 금천구,경상사고,0,0,1,0,차대차 - 충돌,안전운전불이행,건조,맑음,단일로 - 교량,건설기계,남,51-60세,상해없음,승용,남,21-30세,경상
2023162970,2023년 10월,주간,서울특별시 금천구,경상사고,0,0,1,0,차대차 - 추돌,안전운전불이행,건조,맑음,단일로 - 기타,승용,남,65세 이상,상해없음,화물,남,31-40세,경상
2023163410,2023년 11월,주간,서울특별시 금천구,경상사고,0,0,1,0,차대사람 - 기타,안전운전불이행,건조,맑음,단일로 - 기타,승용,여,21-30세,상해없음,보행자,남,41-50세,경상
2023163660,2023년 11월,주간,서울특별시 금천구,경상사고,0,0,2,0,차대차 - 추돌,안전운전불이행,건조,맑음,기타 - 기타,화물,여,51-60세,상해없음,승합,남,41-50세,경상
2023163938,2023년 11월,야간,서울특별시 금천구,중상사고,0,1,2,0,차대차 - 충돌,신호위반,건조,맑음,교차로 - 교차로안,이륜,남,20세 이하,중상,승용,남,61-64세,경상
2023164177,2023년 11월,주간,서울특별시 금천구,중상사고,0,1,0,0,차대차 - 기타,안전운전불이행,건조,맑음,교차로 - 교차로안,승용,남,65세 이상,상해없음,이륜,남,65세 이상,중상
2023164178,2023년 11월,주간,서울특별시 금천구,중상사고,0,1,0,0,차대사람 - 기타,안전운전불이행,건조,맑음,단일로 - 기타,화물,남,31-40세,상해없음,보행자,여,21-30세,중상
2023164256,2023년 11월,주간,서울특별시 금천구,중상사고,0,1,0,0,차대차 - 기타,안전운전불이행,건조,맑음,교차로 - 교차로안,화물,남,65세 이상,상해없음,승용,남,51-60세,중상
2023164673,2023년 11월,주간,서울특별시 금천구,중상사고,0,1,0,0,차대차 - 기타,안전운전불이행,건조,맑음,교차로 - 교차로안,자전거,남,41-50세,중상,승용,남,41-50세,상해없음
2023164905,2023년 11월,주간,서울특별시 금천구,경상사고,0,0,1,0,차대차 - 충돌,기타,건조,맑음,교차로 - 교차로안,자전거,남,20세 이하,경상,화물,남,65세 이상,상해없음
2023164990,2023년 11월,주간,서울특별시 금천구,경상사고,0,0,1,0,차대차 - 기타,안전운전불이행,건조,맑음,교차로 - 교차로안,승용,남,61-64세,상해없음,승합,남,61-64세,경상
2023165114,2023년 11월,야간,서울특별시 금천구,경상사고,0,0,1,1,차대차 - 추돌,안전운전불이행,건조,맑음,단일로 - 기타,승용,남,31-40세,부상신고,승용,남,65세 이상,경상
2023165489,2023년 11월,주간,서울특별시 금천구,중상사고,0,1,0,0,차대차 - 기타,안전운전불이행,건조,맑음,단일로 - 기타,자전거,기타불명,기타불명,기타불명,자전거,남,65세 이상,중상
2023166048,2023년 11월,주간,서울특별시 금천구,경상사고,0,0,1,1,차대차 - 기타,교차로운행방법위반,건조,맑음,교차로 - 교차로안,승용,여,51-60세,부상신고,승용,여,31-40세,경상
2023166116,2023년 11월,야간,서울특별시 금천구,경상사고,0,0,2,0,차대차 - 추돌,안전운전불이행,젖음/습기,비,교차로 - 교차로횡단보도내,승용,남,65세 이상,상해없음,승용,여,41-50세,경상
2023166500,2023년 11월,주간,서울특별시 금천구,경상사고,0,0,1,0,차대차 - 기타,안전운전불이행,건조,맑음,교차로 - 교차로부근,승용,남,65세 이상,상해없음,이륜,남,51-60세,경상
2023166667,2023년 11월,야간,서울특별시 금천구,경상사고,0,0,5,0,차대차 - 기타,안전거리미확보,건조,맑음,단일로 - 기타,승합,남,51-60세,상해없음,승합,남,51-60세,상해없음
2023166848,2023년 11월,야간,서울특별시 금천구,경상사고,0,0,1,0,차대차 - 기타,안전운전불이행,젖음/습기,비,교차로 - 교차로안,승용,남,31-40세,상해없음,승용,남,61-64세,경상
2023167035,2023년 11월,주간,서울특별시 금천구,경상사고,0,0,1,0,차대차 - 기타,신호위반,건조,맑음,단일로 - 기타,개인형이동수단(PM),남,65세 이상,경상,승합,남,65세 이상,상해없음
2023167259,2023년 11월,주간,서울특별시 금천구,중상사고,0,1,0,0,차대차 - 충돌,기타,건조,맑음,교차로 - 교차로안,화물,남,61-64세,상해없음,이륜,남,61-64세,중상
2023167676,2023년 11월,주간,서울특별시 금천구,경상사고,0,0,1,0,차대사람 - 기타,안전운전불이행,건조,맑음,단일로 - 기타,승용,여,51-60세,상해없음,보행자,여,21-30세,경상
2023167804,2023년 11월,주간,서울특별시 금천구,부상신고사고,0,0,0,1,차대차 - 충돌,신호위반,건조,맑음,교차로 - 교차로안,자전거,여,41-50세,상해없음,자전거,여,65세 이상,부상신고
2023168035,2023년 11월,야간,서울특별시 금천구,중상사고,0,1,0,0,차대사람 - 횡단중,보행자보호의무위반,건조,맑음,교차로 - 교차로부근,이륜,남,31-40세,상해없음,보행자,여,31-40세,중상
2023168551,2023년 11월,야간,서울특별시 금천구,경상사고,0,0,1,0,차대차 - 기타,안전운전불이행,젖음/습기,흐림,교차로 - 교차로안,승합,남,41-50세,상해없음,승용,남,31-40세,경상
2023168861,2023년 11월,주간,서울특별시 금천구,경상사고,0,0,1,0,차량단독 - 기타,기타,건조,맑음,단일로 - 기타,승합,남,61-64세,상해없음,,,,
2023169199,2023년 11월,야간,서울특별시 금천구,중상사고,0,1,0,0,차대차 - 기타,안전운전불이행,건조,맑음,교차로 - 교차로안,승용,남,51-60세,상해없음,이륜,여,65세 이상,중상
2023169261,2023년 11월,야간,서울특별시 금천구,경상사고,0,0,2,0,차대차 - 충돌,신호위반,건조,맑음,교차로 - 교차로안,승용,남,21-30세,상해없음,승용,남,61-64세,경상
2023169262,2023년 11월,야간,서울특별시 금천구,경상사고,0,0,3,0,차대차 - 충돌,교차로운행방법위반,건조,맑음,교차로 - 교차로안,승용,남,31-40세,상해없음,승용,남,51-60세,경상
2023169561,2023년 11월,주간,서울특별시 금천구,경상사고,0,0,1,0,차대차 - 기타,신호위반,건조,맑음,단일로 - 터널,승용,남,61-64세,상해없음,승용,남,31-40세,경상