구분번호,발생년월,주야,시군구,사고내용,사망자수,중상자수,경상자수,부상신고자수,사고유형,법규위반,노면상태,기상상태,도로형태,가해운전자 차종,가해운전자 성별,가해운전자 연령대,가해운전자 상해정도,피해운전자 차종,피해운전자 성별,피해운전자 연령대,피해운전자 상해정도
2023169851,2023년 11월,야간,서울특별시 금천구,경상사고,0,0,1,0,차대차 - 기타,안전운전불이행,건조,맑음,교차로 - 교차로안,기타불명,기타불명,기타불명,기타불명,이륜,남,21-30세,경상
2023169886,2023년 11월,야간,서울특별시 금천구,경상사고,0,0,4,0,차대차 - 충돌,안전운전불이행,건조,맑음,교차로 - 교차로안,승용,여,31-40세,상해없음,승용,남,65세 이상,경상
2023169901,2023년 11월,야간,서울특별시 금천구,경상사고,0,0,1,0,차대사람 - 보도통행중,안전운전불이행,건조,맑음,기타 - 기타,승용,남,61-64세,상해없음,보행자,남,12세 이하,경상
2023169940,2023년 11월,야간,서울특별시 금천구,경상사고,0,0,1,0,차대차 - 기타,안전운전불이행,건조,맑음,교차로 - 교차로안,승용,남,61-64세,상해없음,승용,여,51-60세,경상
2023170364,2023년 11월,야간,서울특별시 금천구,경상사고,0,0,1,0,차대차 - 추돌,안전운전불이행,건조,맑음,교차로 - 교차로부근,승용,여,41-50세,상해없음,이륜,남,51-60세,경상
2023170962,2023년 11월,야간,서울특별시 금천구,경상사고,0,0,1,0,차대사람 - 기타,안전운전불이행,건조,맑음,단일로 - 기타,기타불명,기타불명,기타불명,기타불명,보행자,여,21-30세,경상
2023171187,2023년 11월,주간,서울특별시 금천구,중상사고,0,1,0,0,차대사람 - 횡단중,보행자보호의무위반,건조,맑음,교차로 - 교차로횡단보도내,특수,남,41-50세,상해없음,보행자,여,51-60세,중상
2023171447,2023년 11월,주간,서울특별시 금천구,경상사고,0,0,1,0,차대차 - 기타,안전운전불이행,건조,맑음,단일로 - 기타,승용,남,61-64세,상해없음,이륜,남,31-40세,경상
2023171805,2023년 11월,주간,서울특별시 금천구,중상사고,0,1,0,0,차대차 - 충돌,안전운전불이행,건조,맑음,단일로 - 기타,승용,여,41-50세,기타불명,이륜,남,13-20세,중상
2023172083,2023년 11월,야간,서울특별시 금천구,경상사고,0,0,1,0,차대차 - 기타,안전운전불이행,건조,맑음,교차로 - 교차로안,승용,남,51-60세,상해없음,이륜,남,31-40세,경상
2023172215,2023년 11월,야간,서울특별시 금천구,경상사고,0,0,6,1,차대차 - 추돌,안전운전불이행,건조,맑음,단일로 - 기타,승합,남,21-30세,부상신고,승용,남,41-50세,경상
2023172362,2023년 11월,주간,서울특별시 금천구,경상사고,0,0,2,0,차대차 - 기타,안전운전불이행,건조,맑음,단일로 - 기타,승용,여,61-64세,상해없음,승용,남,31-40세,경상
2023172542,2023년 11월,주간,서울특별시 금천구,경상사고,0,0,2,0,차대차 - 충돌,안전거리미확보,건조,맑음,교차로 - 교차로부근,승용,남,61-64세,경상,승용,남,13-20세,경상
2023172908,2023년 11월,야간,서울특별시 금천구,경상사고,0,0,2,0,차대차 - 기타,신호위반,건조,맑음,교차로 - 교차로안,승용,남,65세 이상,경상,승용,남,31-40세,경상
2023173272,2023년 11월,주간,서울특별시 금천구,경상사고,0,0,1,0,차대차 - 기타,안전운전불이행,건조,맑음,교차로 - 교차로부근,승용,남,51-60세,상해없음,화물,남,51-60세,경상
2023173360,2023년 11월,야간,서울특별시 금천구,경상사고,0,0,1,0,차대차 - 충돌,중앙선침범,건조,맑음,단일로 - 기타,이륜,남,51-60세,상해없음,이륜,남,21-30세,경상
2023173435,2023년 11월,야간,서울특별시 금천구,경상사고,0,0,1,0,차대사람 - 기타,신호위반,건조,맑음,교차로 - 교차로부근,화물,남,21-30세,상해없음,보행자,남,65세 이상,경상
2023173926,2023년 11월,주간,서울특별시 금천구,경상사고,0,0,1,0,차대차 - 기타,안전운전불이행,건조,맑음,단일로 - 기타,승용,남,41-50세,상해없음,승합,남,51-60세,상해없음
2023174070,2023년 11월,야간,서울특별시 금천구,경상사고,0,0,3,0,차대차 - 충돌,안전운전불이행,건조,맑음,기타 - 기타,승용,남,41-50세,상해없음,승용,남,51-60세,경상
2023174191,2023년 11월,야간,서울특별시 금천구,중상사고,0,1,0,0,차대차 - 기타,신호위반,건조,맑음,교차로 - 교차로안,승용,남,65세 이상,상해없음,이륜,남,41-50세,중상
2023174501,2023년 11월,야간,서울특별시 금천구,경상사고,0,0,1,0,차대차 - 기타,안전운전불이행,건조,맑음,단일로 - 기타,승용,남,31-40세,상해없음,이륜,남,41-50세,경상
2023174502,2023년 11월,야간,서울특별시 금천구,경상사고,0,0,1,0,차대차 - 기타,안전거리미확보,건조,맑음,단일로 - 고가도로위,승용,남,51-60세,상해없음,승용,남,61-64세,경상
2023174573,2023년 11월,야간,서울특별시 금천구,중상사고,0,1,0,0,차대사람 - 기타,신호위반,건조,맑음,교차로 - 교차로부근,승용,남,65세 이상,상해없음,보행자,여,21-30세,중상
2023174615,2023년 11월,주간,서울특별시 금천구,경상사고,0,0,5,0,차대차 - 충돌,신호위반,건조,맑음,교차로 - 교차로안,승용,남,65세 이상,경상,승합,여,61-64세,경상
2023175002,2023년 11월,주간,서울특별시 금천구,중상사고,0,1,0,0,차대사람 - 횡단중,안전운전불이행,건조,맑음,교차로 - 교차로안,화물,남,51-60세,상해없음,보행자,여,61-64세,중상
2023175078,2023년 11월,야간,서울특별시 금천구,경상사고,0,0,2,1,차대차 - 기타,안전거리미확보,건조,맑음,교차로 - 교차로안,승용,여,51-60세,부상신고,화물,남,65세 이상,경상
2023175886,2023년 11월,야간,서울특별시 금천구,경상사고,0,0,1,0,차량단독 - 충돌,안전운전불이행,건조,맑음,단일로 - 기타,화물,남,31-40세,상해없음,,,,
2023175895,2023년 11월,야간,서울특별시 금천구,중상사고,0,1,0,0,차대차 - 충돌,안전운전불이행,건조,맑음,교차로 - 교차로안,승용,남,65세 이상,상해없음,이륜,남,21-30세,중상
2023176165,2023년 11월,주간,서울특별시 금천구,경상사고,0,0,1,0,차량단독 - 기타,안전운전불이행,건조,맑음,기타 - 기타,승합,남,65세 이상,상해없음,,,,
2023177171,2023년 11월,주간,서울특별시 금천구,경상사고,0,0,1,0,차대사람 - 보도통행중,안전운전불이행,건조,맑음,단일로 - 기타,기타불명,기타불명,기타불명,기타불명,보행자,여,21-30세,경상
2023177172,2023년 11월,주간,서울특별시 금천구,중상사고,0,1,0,0,차대차 - 기타,안전운전불이행,건조,맑음,단일로 - 기타,승용,남,41-50세,상해없음,승용,여,31-40세,중상
2023177432,2023년 11월,주간,서울특별시 금천구,중상사고,0,1,0,0,차대사람 - 기타,안전운전불이행,건조,맑음,단일로 - 기타,승합,남,51-60세,상해없음,보행자,여,65세 이상,중상
2023178391,2023년 11월,야간,서울특별시 금천구,경상사고,0,0,2,0,차대차 - 기타,신호위반,건조,맑음,단일로 - 교량,승합,남,41-50세,상해없음,승용,남,61-64세,경상
2023178483,2023년 11월,주간,서울특별시 금천구,경상사고,0,0,1,0,차대차 - 기타,안전운전불이행,건조,맑음,교차로 - 교차로안,화물,남,65세 이상,상해없음,승합,남,31-40세,경상
2023178555,2023년 11월,주간,서울특별시 금천구,경상사고,0,0,3,0,차대차 - 기타,안전운전불이행,건조,맑음,기타 - 기타,승용,남,31-40세,상해없음,승용,남,61-64세,상해없음
2023178730,2023년 11월,야간,서울특별시 금천구,경상사고,0,0,1,0,차대차 - 추돌,안전운전불이행,건조,맑음,단일로 - 터널,승용,남,31-40세,상해없음,화물,남,51-60세,경상
2023178813,2023년 11월,주간,서울특별시 금천구,경상사고,0,0,1,0,차대차 - 기타,안전운전불이행,건조,맑음,기타 - 기타,이륜,남,21-30세,상해없음,승용,남,21-30세,경상
2023179035,2023년 11월,주간,서울특별시 금천구,경상사고,0,0,1,0,차대사람 - 기타,안전운전불이행,건조,맑음,단일로 - 기타,이륜,남,21-30세,상해없음,보행자,여,51-60세,경상
2023179192,2023년 11월,야간,서울특별시 금천구,부상신고사고,0,0,0,1,차대사람 - 보도통행중,기타,건조,흐림,단일로 - 기타,이륜,남,65세 이상,기타불명,보행자,남,21-30세,부상신고
2023179193,2023년 11월,야간,서울특별시 금천구,경상사고,0,0,1,0,차대사람 - 기타,안전운전불이행,건조,맑음,교차로 - 교차로부근,승용,남,31-40세,기타불명,보행자,남,41-50세,경상
2023179264,2023년 11월,야간,서울특별시 금천구,경상사고,0,0,1,0,차대사람 - 기타,안전운전불이행,젖음/습기,흐림,단일로 - 기타,승용,남,31-40세,상해없음,보행자,남,41-50세,경상
2023179265,2023년 11월,야간,서울특별시 금천구,경상사고,0,0,1,0,차대차 - 충돌,안전운전불이행,건조,맑음,단일로 - 고가도로위,화물,여,51-60세,상해없음,승용,남,21-30세,경상
2023179389,2023년 11월,주간,서울특별시 금천구,경상사고,0,0,1,0,차대사람 - 기타,안전운전불이행,건조,맑음,단일로 - 기타,화물,남,41-50세,상해없음,보행자,남,51-60세,경상
2023179439,2023년 11월,주간,서울특별시 금천구,경상사고,0,0,1,0,차량단독 - 기타,안전거리미확보,건조,맑음,단일로 - 기타,승합,남,51-60세,상해없음,,,,
2023179716,2023년 11월,주간,서울특별시 금천구,경상사고,0,0,1,0,차대사람 - 횡단중,보행자보호의무위반,건조,맑음,교차로 - 교차로횡단보도내,화물,남,21-30세,상해없음,보행자,남,51-60세,경상
2023179827,2023년 11월,야간,서울특별시 금천구,경상사고,0,0,3,0,차대차 - 기타,안전운전불이행,건조,맑음,단일로 - 기타,이륜,남,31-40세,경상,승용,남,31-40세,경상
2023180005,2023년 11월,주간,서울특별시 금천구,경상사고,0,0,2,0,차대차 - 기타,안전운전불이행,건조,맑음,교차로 - 교차로안,승용,남,65세 이상,기타불명,승용,남,31-40세,경상
2023180175,2023년 11월,주간,서울특별시 금천구,중상사고,0,1,2,0,차대차 - 충돌,안전운전불이행,건조,맑음,교차로 - 교차로부근,승용,여,31-40세,상해없음,승합,남,65세 이상,경상
2023180262,2023년 11월,주간,서울특별시 금천구,경상사고,0,0,2,0,차대차 - 충돌,교차로운행방법위반,건조,맑음,교차로 - 교차로안,승용,여,61-64세,경상,화물,남,51-60세,경상
2023181417,2023년 12월,주간,서울특별시 금천구,경상사고,0,0,1,0,차대차 - 충돌,신호위반,건조,맑음,단일로 - 기타,승용,여,41-50세,상해없음,이륜,남,65세 이상,경상
2023181857,2023년 12월,주간,서울특별시 금천구,경상사고,0,0,1,0,차대차 - 기타,안전운전불이행,건조,맑음,단일로 - 기타,승용,남,61-64세,상해없음,자전거,여,61-64세,경상
2023182224,2023년 12월,야간,서울특별시 금천구,경상사고,0,0,2,0,차대차 - 충돌,안전거리미확보,건조,맑음,단일로 - 기타,승용,남,31-40세,상해없음,승용,남,31-40세,경상
2023183005,2023년 12월,주간,서울특별시 금천구,경상사고,0,0,1,0,차대차 - 기타,안전운전불이행,건조,맑음,단일로 - 기타,화물,남,51-60세,상해없음,화물,남,31-40세,경상
2023183150,2023년 12월,야간,서울특별시 금천구,경상사고,0,0,1,0,차대차 - 기타,안전거리미확보,건조,맑음,단일로 - 기타,특수,남,65세 이상,상해없음,승용,여,31-40세,경상
2023183202,2023년 12월,야간,서울특별시 금천구,경상사고,0,0,1,0,차대차 - 충돌,안전운전불이행,건조,맑음,교차로 - 교차로안,승용,남,31-40세,상해없음,승용,남,31-40세,경상
2023183410,2023년 12월,주간,서울특별시 금천구,경상사고,0,0,1,0,차대사람 - 기타,안전운전불이행,건조,맑음,단일로 - 기타,화물,남,41-50세,상해없음,보행자,남,31-40세,경상
2023184510,2023년 12월,주간,서울특별시 금천구,중상사고,0,1,0,0,차대차 - 기타,신호위반,건조,맑음,기타 - 기타,승용,남,65세 이상,상해없음,승용,남,31-40세,중상
2023185395,2023년 12월,주간,서울특별시 금천구,중상사고,0,1,0,0,차대차 - 충돌,신호위반,건조,맑음,교차로 - 교차로안,승용,남,21-30세,상해없음,이륜,남,51-60세,중상
2023185510,2023년 12월,야간,서울특별시 금천구,경상사고,0,0,1,0,차대차 - 기타,안전운전불이행,건조,맑음,교차로 - 교차로안,화물,남,65세 이상,상해없음,승용,여,21-30세,경상
2023185598,2023년 12월,야간,서울특별시 금천구,경상사고,0,0,1,0,차대차 - 기타,안전운전불이행,건조,맑음,교차로 - 교차로부근,승용,여,31-40세,상해없음,이륜,남,21-30세,경상
2023186140,2023년 12월,야간,서울특별시 금천구,중상사고,0,1,1,0,차대사람 - 기타,신호위반,젖음/습기,맑음,교차로 - 교차로횡단보도내,이륜,남,31-40세,상해없음,보행자,여,61-64세,중상
2023186346,2023년 12월,주간,서울특별시 금천구,중상사고,0,1,0,0,차대차 - 기타,안전운전불이행,건조,흐림,단일로 - 기타,자전거,남,51-60세,상해없음,자전거,여,65세 이상,중상
2023186399,2023년 12월,주간,서울특별시 금천구,경상사고,0,0,1,0,차대사람 - 보도통행중,신호위반,건조,맑음,교차로 - 교차로안,승용,남,41-50세,상해없음,보행자,남,12세 이하,경상
2023186430,2023년 12월,주간,서울특별시 금천구,부상신고사고,0,0,0,1,차대사람 - 횡단중,안전운전불이행,건조,맑음,교차로 - 교차로부근,승용,남,51-60세,상해없음,보행자,남,51-60세,부상신고
2023186676,2023년 12월,주간,서울특별시 금천구,경상사고,0,0,1,0,차대차 - 기타,안전운전불이행,건조,맑음,기타 - 기타,승용,남,31-40세,상해없음,승용,남,31-40세,경상
2023187012,2023년 12월,야간,서울특별시 금천구,중상사고,0,1,0,0,차대사람 - 횡단중,신호위반,젖음/습기,비,교차로 - 교차로안,승용,남,65세 이상,상해없음,보행자,남,31-40세,중상
2023187013,2023년 12월,야간,서울특별시 금천구,경상사고,0,0,1,0,차대사람 - 기타,안전운전불이행,젖음/습기,비,단일로 - 기타,승용,남,31-40세,상해없음,보행자,남,41-50세,경상
2023187358,2023년 12월,주간,서울특별시 금천구,중상사고,0,1,0,0,차대사람 - 기타,안전운전불이행,건조,맑음,교차로 - 교차로횡단보도내,승용,남,41-50세,상해없음,보행자,여,41-50세,중상
2023187779,2023년 12월,야간,서울특별시 금천구,경상사고,0,0,1,0,차대차 - 충돌,안전운전불이행,건조,맑음,교차로 - 교차로안,승용,남,65세 이상,상해없음,승용,여,41-50세,경상
2023187807,2023년 12월,야간,서울특별시 금천구,경상사고,0,0,1,0,차대사람 - 기타,보행자보호의무위반,건조,맑음,교차로 - 교차로횡단보도내,승용,여,31-40세,상해없음,보행자,여,31-40세,경상
2023187826,2023년 12월,야간,서울특별시 금천구,사망사고,1,0,4,0,차대차 - 충돌,신호위반,건조,맑음,교차로 - 교차로안,이륜,남,20세 이하,사망,승합,남,65세 이상,상해없음
2023188013,2023년 12월,주간,서울특별시 금천구,경상사고,0,0,2,0,차대차 - 충돌,안전운전불이행,건조,맑음,단일로 - 기타,승용,남,51-60세,상해없음,승용,여,31-40세,경상
2023188093,2023년 12월,주간,서울특별시 금천구,중상사고,0,1,0,0,차대차 - 충돌,안전운전불이행,건조,흐림,교차로 - 교차로안,화물,남,31-40세,상해없음,원동기,남,65세 이상,중상
2023188152,2023년 12월,주간,서울특별시 금천구,경상사고,0,0,1,0,차대사람 - 보도통행중,보행자보호의무위반,건조,맑음,교차로 - 교차로부근,승용,여,61-64세,상해없음,보행자,남,65세 이상,경상
2023188468,2023년 12월,야간,서울특별시 금천구,경상사고,0,0,2,0,차대차 - 충돌,신호위반,건조,맑음,교차로 - 교차로안,이륜,남,21-30세,기타불명,승용,남,65세 이상,경상
2023188478,2023년 12월,주간,서울특별시 금천구,사망사고,1,0,0,0,차대차 - 기타,안전운전불이행,건조,맑음,단일로 - 기타,화물,남,41-50세,상해없음,자전거,남,65세 이상,사망
2023188671,2023년 12월,주간,서울특별시 금천구,중상사고,0,1,0,0,차대차 - 기타,안전운전불이행,젖음/습기,비,교차로 - 교차로부근,승용,남,61-64세,상해없음,이륜,남,61-64세,중상
2023188924,2023년 12월,야간,서울특별시 금천구,경상사고,0,0,1,0,차대차 - 기타,안전운전불이행,젖음/습기,비,단일로 - 기타,승용,남,51-60세,상해없음,이륜,남,41-50세,경상
2023189189,2023년 12월,주간,서울특별시 금천구,중상사고,0,1,0,0,차대사람 - 횡단중,안전운전불이행,건조,맑음,교차로 - 교차로안,승용,남,41-50세,상해없음,보행자,남,51-60세,중상
2023189385,2023년 12월,주간,서울특별시 금천구,경상사고,0,0,1,0,차대차 - 추돌,안전운전불이행,건조,맑음,단일로 - 기타,건설기계,남,31-40세,상해없음,승용,남,21-30세,경상
2023189530,2023년 12월,주간,서울특별시 금천구,경상사고,0,0,1,0,차대사람 - 횡단중,신호위반,건조,맑음,교차로 - 교차로안,화물,남,61-64세,상해없음,보행자,남,12세 이하,경상
2023189587,2023년 12월,야간,서울특별시 금천구,부상신고사고,0,0,0,1,차대사람 - 보도통행중,보행자보호의무위반,건조,맑음,교차로 - 교차로부근,승용,여,41-50세,상해없음,보행자,남,61-64세,부상신고
2023189693,2023년 12월,야간,서울특별시 금천구,경상사고,0,0,1,0,차대차 - 충돌,안전운전불이행,젖음/습기,비,교차로 - 교차로안,승합,남,51-60세,상해없음,승용,여,31-40세,경상
2023189966,2023년 12월,주간,서울특별시 금천구,경상사고,0,0,1,0,차대차 - 충돌,안전운전불이행,건조,맑음,기타 - 기타,원동기,남,21-30세,상해없음,원동기,남,21-30세,경상
2023189997,2023년 12월,주간,서울특별시 금천구,중상사고,0,1,0,0,차대사람 - 기타,신호위반,건조,맑음,기타 - 기타,승용,남,65세 이상,상해없음,보행자,남,51-60세,중상
2023190192,2023년 12월,주간,서울특별시 금천구,중상사고,0,1,0,0,차대사람 - 기타,안전운전불이행,건조,맑음,기타 - 기타,이륜,남,21-30세,상해없음,보행자,여,65세 이상,중상
2023190585,2023년 12월,주간,서울특별시 금천구,경상사고,0,0,4,0,차대차 - 기타,신호위반,건조,맑음,기타 - 기타,승용,남,65세 이상,상해없음,승용,여,51-60세,경상
2023191002,2023년 12월,주간,서울특별시 금천구,경상사고,0,0,1,0,차량단독 - 기타,안전운전불이행,건조,맑음,단일로 - 기타,승합,남,41-50세,상해없음,,,,
2023191064,2023년 12월,주간,서울특별시 금천구,경상사고,0,0,1,1,차대차 - 기타,안전운전불이행,건조,맑음,교차로 - 교차로안,이륜,여,61-64세,부상신고,승용,남,21-30세,경상
2023191128,2023년 12월,주간,서울특별시 금천구,경상사고,0,0,1,0,차대차 - 충돌,안전운전불이행,건조,맑음,교차로 - 교차로안,승용,남,61-64세,상해없음,이륜,남,21-30세,경상
2023191129,2023년 12월,주간,서울특별시 금천구,경상사고,0,0,1,0,차대차 - 기타,안전운전불이행,건조,맑음,교차로 - 교차로부근,승용,남,41-50세,상해없음,화물,남,41-50세,경상
2023191159,2023년 12월,주간,서울특별시 금천구,경상사고,0,0,3,0,차대차 - 기타,안전운전불이행,건조,맑음,교차로 - 교차로안,이륜,남,41-50세,경상,승용,남,41-50세,경상
2023191204,2023년 12월,야간,서울특별시 금천구,중상사고,0,1,0,0,차대사람 - 기타,안전운전불이행,건조,맑음,교차로 - 교차로안,화물,남,41-50세,상해없음,보행자,남,65세 이상,중상
2023191706,2023년 12월,야간,서울특별시 금천구,부상신고사고,0,0,0,1,차대사람 - 횡단중,안전운전불이행,건조,맑음,기타 - 기타,기타불명,기타불명,기타불명,기타불명,보행자,남,21-30세,부상신고
2023191966,2023년 12월,주간,서울특별시 금천구,중상사고,0,1,0,0,차대차 - 기타,안전거리미확보,젖음/습기,기타,교차로 - 교차로부근,기타불명,기타불명,기타불명,기타불명,원동기,남,21-30세,중상
2023192200,2023년 12월,야간,서울특별시 금천구,부상신고사고,0,0,0,1,차량단독 - 기타,안전운전불이행,건조,맑음,단일로 - 기타,이륜,남,41-50세,부상신고,,,,
2023192594,2023년 12월,주간,서울특별시 금천구,경상사고,0,0,1,0,차대차 - 기타,안전거리미확보,건조,맑음,교차로 - 교차로안,승용,남,41-50세,상해없음,승용,여,41-50세,상해없음
2023192697,2023년 12월,주간,서울특별시 금천구,경상사고,0,0,1,0,차대차 - 충돌,안전운전불이행,건조,맑음,기타 - 기타,화물,남,51-60세,상해없음,승용,남,65세 이상,경상
2023192774,2023년 12월,주간,서울특별시 금천구,중상사고,0,1,0,0,차대사람 - 횡단중,신호위반,건조,맑음,교차로 - 교차로부근,승용,남,31-40세,상해없음,보행자,여,65세 이상,중상
2023192775,2023년 12월,주간,서울특별시 금천구,경상사고,0,0,1,0,차대차 - 기타,안전운전불이행,젖음/습기,기타,단일로 - 기타,승용,여,31-40세,상해없음,승용,여,21-30세,경상
2023192877,2023년 12월,야간,서울특별시 금천구,경상사고,0,0,1,0,차대사람 - 기타,신호위반,건조,맑음,교차로 - 교차로횡단보도내,승합,남,51-60세,상해없음,보행자,여,21-30세,경상
2023193014,2023년 12월,야간,서울특별시 금천구,경상사고,0,0,4,0,차대차 - 추돌,안전운전불이행,건조,맑음,단일로 - 기타,승용,남,41-50세,상해없음,승합,남,31-40세,경상
2023193301,2023년 12월,주간,서울특별시 금천구,중상사고,0,1,0,0,차대사람 - 기타,신호위반,건조,맑음,교차로 - 교차로횡단보도내,승용,여,41-50세,상해없음,보행자,남,65세 이상,중상
2023193338,2023년 12월,주간,서울특별시 금천구,경상사고,0,0,1,0,차대차 - 추돌,안전거리미확보,건조,맑음,단일로 - 기타,특수,남,31-40세,상해없음,승용,남,65세 이상,경상
2023193616,2023년 12월,야간,서울특별시 금천구,경상사고,0,0,1,0,차대차 - 충돌,안전운전불이행,건조,맑음,단일로 - 기타,승용,남,65세 이상,상해없음,이륜,남,21-30세,경상
2023193828,2023년 12월,야간,서울특별시 금천구,중상사고,0,2,0,0,차대차 - 기타,신호위반,건조,맑음,교차로 - 교차로안,이륜,남,21-30세,중상,승용,남,65세 이상,중상
2023193866,2023년 12월,야간,서울특별시 금천구,부상신고사고,0,0,0,1,차대차 - 기타,안전운전불이행,건조,맑음,교차로 - 교차로부근,이륜,남,51-60세,부상신고,승용,남,31-40세,상해없음
2023193889,2023년 12월,주간,서울특별시 금천구,부상신고사고,0,0,0,1,차대차 - 기타,안전운전불이행,건조,맑음,교차로 - 교차로부근,이륜,남,20세 이하,부상신고,승용,남,51-60세,상해없음
2023194201,2023년 12월,주간,서울특별시 금천구,중상사고,0,1,0,0,차대사람 - 기타,안전운전불이행,건조,맑음,단일로 - 기타,승용,남,31-40세,상해없음,보행자,여,41-50세,중상
2023194332,2023년 12월,야간,서울특별시 금천구,경상사고,0,0,1,0,차대차 - 기타,기타,건조,맑음,단일로 - 기타,승용,남,31-40세,상해없음,이륜,남,41-50세,경상
2023194681,2023년 12월,야간,서울특별시 금천구,경상사고,0,0,1,0,차대사람 - 기타,안전운전불이행,건조,맑음,기타 - 기타,승용,남,61-64세,상해없음,보행자,남,51-60세,경상
2023194764,2023년 12월,야간,서울특별시 금천구,중상사고,0,1,0,0,차대차 - 충돌,안전거리미확보,건조,맑음,단일로 - 기타,승용,남,31-40세,상해없음,승용,남,51-60세,중상
2023195184,2023년 12월,주간,서울특별시 금천구,경상사고,0,0,1,0,차대차 - 기타,안전운전불이행,건조,맑음,단일로 - 기타,승용,남,41-50세,상해없음,승합,남,41-50세,경상
2023195266,2023년 12월,주간,서울특별시 금천구,경상사고,0,0,2,0,차대차 - 기타,안전운전불이행,건조,맑음,단일로 - 기타,승용,여,21-30세,경상,승용,여,41-50세,경상
2023195737,2023년 12월,주간,서울특별시 금천구,경상사고,0,0,1,0,차대사람 - 횡단중,보행자보호의무위반,건조,맑음,교차로 - 교차로횡단보도내,승용,여,41-50세,상해없음,보행자,여,21-30세,경상
2023195922,2023년 12월,주간,서울특별시 금천구,경상사고,0,0,1,0,차대차 - 추돌,안전운전불이행,건조,맑음,단일로 - 교량,승용,남,51-60세,상해없음,승용,남,31-40세,경상
2023196101,2023년 12월,야간,서울특별시 금천구,중상사고,0,1,0,0,차대사람 - 보도통행중,보행자보호의무위반,건조,맑음,기타 - 기타,승용,여,41-50세,상해없음,보행자,여,21-30세,중상
2023196260,2023년 12월,야간,서울특별시 금천구,경상사고,0,0,2,0,차대차 - 추돌,안전운전불이행,건조,맑음,교차로 - 교차로부근,승용,남,41-50세,경상,승용,여,21-30세,경상
2023196722,2023년 12월,야간,서울특별시 금천구,중상사고,0,1,0,0,차대사람 - 횡단중,안전운전불이행,건조,맑음,교차로 - 교차로안,승용,여,31-40세,상해없음,보행자,여,65세 이상,중상
2023197017,2023년 12월,주간,서울특별시 금천구,중상사고,0,1,0,0,차대사람 - 횡단중,안전운전불이행,건조,맑음,교차로 - 교차로부근,이륜,남,21-30세,상해없음,보행자,여,65세 이상,중상
2023197301,2023년 12월,야간,서울특별시 금천구,경상사고,0,0,1,0,차대차 - 충돌,신호위반,건조,맑음,교차로 - 교차로안,승용,남,21-30세,기타불명,승용,남,31-40세,경상
2023197302,2023년 12월,야간,서울특별시 금천구,부상신고사고,0,0,0,1,차대차 - 기타,안전거리미확보,건조,맑음,단일로 - 기타,승용,남,51-60세,상해없음,승용,남,21-30세,부상신고
2023197303,2023년 12월,야간,서울특별시 금천구,경상사고,0,0,1,0,차대차 - 충돌,안전운전불이행,건조,맑음,단일로 - 기타,승용,남,61-64세,상해없음,승용,남,31-40세,경상
2023197451,2023년 12월,야간,서울특별시 금천구,중상사고,0,1,0,0,차대차 - 기타,안전운전불이행,건조,흐림,교차로 - 교차로안,승용,남,31-40세,상해없음,이륜,남,41-50세,중상
2023197565,2023년 12월,야간,서울특별시 금천구,부상신고사고,0,0,0,1,차대사람 - 횡단중,보행자보호의무위반,건조,맑음,교차로 - 교차로횡단보도내,기타불명,기타불명,기타불명,기타불명,보행자,남,61-64세,부상신고
2023198018,2023년 12월,주간,서울특별시 금천구,중상사고,0,1,1,0,차대차 - 충돌,안전운전불이행,젖음/습기,비,교차로 - 교차로안,승용,남,65세 이상,상해없음,승합,남,65세 이상,경상
2023198024,2023년 12월,주간,서울특별시 금천구,중상사고,0,1,0,0,차대차 - 충돌,신호위반,젖음/습기,비,단일로 - 기타,이륜,남,65세 이상,중상,승용,남,51-60세,상해없음
2023198160,2023년 12월,주간,서울특별시 금천구,중상사고,0,1,0,0,차대차 - 충돌,신호위반,건조,맑음,교차로 - 교차로안,이륜,남,31-40세,중상,승용,남,41-50세,상해없음
2023198226,2023년 12월,야간,서울특별시 금천구,경상사고,0,0,1,0,차대차 - 기타,신호위반,건조,맑음,단일로 - 기타,화물,남,61-64세,상해없음,이륜,남,21-30세,경상
2024000191,2024년 1월,주간,서울특별시 금천구,경상사고,0,0,1,0,차대사람 - 기타,안전운전불이행,건조,맑음,단일로 - 기타,승용,남,61-64세,상해없음,보행자,여,51-60세,경상
2024000351,2024년 1월,주간,서울특별시 금천구,사망사고,1,0,0,0,차대사람 - 횡단중,보행자보호의무위반,건조,맑음,교차로 - 교차로횡단보도내,화물,남,41-50세,상해없음,보행자,여,61-64세,사망