구분번호,발생년월,주야,시군구,사고내용,사망자수,중상자수,경상자수,부상신고자수,사고유형,법규위반,노면상태,기상상태,도로형태,가해운전자 차종,가해운전자 성별,가해운전자 연령대,가해운전자 상해정도,피해운전자 차종,피해운전자 성별,피해운전자 연령대,피해운전자 상해정도
2024128187,2024년 8월,주간,서울특별시 금천구,경상사고,0,0,2,0,차대차 - 기타,안전운전불이행,건조,맑음,교차로 - 교차로안,승용,남,65세 이상,상해없음,승용,남,21-30세,경상
2024128608,2024년 9월,주간,서울특별시 금천구,경상사고,0,0,3,0,차대차 - 추돌,안전운전불이행,건조,맑음,단일로 - 기타,승용,남,31-40세,상해없음,승용,남,21-30세,경상
2024129176,2024년 9월,주간,서울특별시 금천구,경상사고,0,0,1,0,차대차 - 기타,안전거리미확보,젖음/습기,비,단일로 - 기타,이륜,남,41-50세,경상,자전거,여,65세 이상,상해없음
2024129362,2024년 9월,주간,서울특별시 금천구,경상사고,0,0,2,0,차대차 - 충돌,안전운전불이행,건조,맑음,기타 - 기타,승용,여,65세 이상,상해없음,승용,남,21-30세,경상
2024129824,2024년 9월,주간,서울특별시 금천구,경상사고,0,0,1,0,차대차 - 충돌,신호위반,건조,맑음,교차로 - 교차로부근,이륜,남,51-60세,상해없음,이륜,남,41-50세,경상
2024129943,2024년 9월,주간,서울특별시 금천구,경상사고,0,0,1,0,차대차 - 충돌,안전운전불이행,건조,맑음,교차로 - 교차로안,승용,남,65세 이상,상해없음,원동기,남,41-50세,경상
2024130137,2024년 9월,야간,서울특별시 금천구,경상사고,0,0,2,0,차대차 - 충돌,신호위반,건조,맑음,교차로 - 교차로안,승용,남,51-60세,기타불명,특수,남,41-50세,경상
2024130631,2024년 9월,주간,서울특별시 금천구,경상사고,0,0,3,0,차대차 - 추돌,안전운전불이행,건조,맑음,단일로 - 기타,승용,남,51-60세,상해없음,승용,남,51-60세,경상
2024130809,2024년 9월,야간,서울특별시 금천구,경상사고,0,0,1,0,차대차 - 충돌,안전운전불이행,건조,맑음,교차로 - 교차로안,승합,남,65세 이상,상해없음,원동기,남,21-30세,경상
2024130854,2024년 9월,야간,서울특별시 금천구,중상사고,0,1,0,0,차대차 - 기타,안전운전불이행,건조,맑음,교차로 - 교차로안,화물,남,51-60세,상해없음,이륜,남,51-60세,중상
2024131096,2024년 9월,주간,서울특별시 금천구,경상사고,0,0,1,0,차대사람 - 횡단중,보행자보호의무위반,젖음/습기,맑음,교차로 - 교차로횡단보도내,승용,남,65세 이상,상해없음,보행자,여,51-60세,경상
2024131743,2024년 9월,주간,서울특별시 금천구,부상신고사고,0,0,0,1,차대사람 - 기타,안전운전불이행,건조,맑음,단일로 - 기타,승용,여,21-30세,상해없음,보행자,여,65세 이상,부상신고
2024132327,2024년 9월,주간,서울특별시 금천구,중상사고,0,1,0,0,차대차 - 충돌,안전운전불이행,건조,맑음,교차로 - 교차로안,승용,남,51-60세,상해없음,자전거,남,51-60세,중상
2024132793,2024년 9월,주간,서울특별시 금천구,경상사고,0,0,2,0,차대사람 - 기타,안전운전불이행,건조,맑음,단일로 - 기타,자전거,남,51-60세,경상,보행자,여,31-40세,경상
2024133637,2024년 9월,야간,서울특별시 금천구,경상사고,0,0,1,0,차대차 - 추돌,안전운전불이행,건조,맑음,교차로 - 교차로부근,승용,여,51-60세,상해없음,이륜,남,41-50세,경상
2024133817,2024년 9월,주간,서울특별시 금천구,경상사고,0,0,1,0,차대차 - 충돌,안전운전불이행,건조,맑음,교차로 - 교차로부근,원동기,여,21-30세,경상,승용,남,61-64세,상해없음
2024134158,2024년 9월,주간,서울특별시 금천구,중상사고,0,1,0,0,차대차 - 충돌,안전운전불이행,건조,맑음,교차로 - 교차로안,승용,남,51-60세,기타불명,이륜,여,21-30세,중상
2024134263,2024년 9월,야간,서울특별시 금천구,경상사고,0,0,2,0,차대차 - 추돌,안전운전불이행,젖음/습기,흐림,단일로 - 기타,승용,남,65세 이상,기타불명,승용,남,41-50세,경상
2024134671,2024년 9월,주간,서울특별시 금천구,부상신고사고,0,0,0,1,차대사람 - 기타,안전운전불이행,건조,맑음,단일로 - 기타,승용,남,65세 이상,상해없음,보행자,여,65세 이상,부상신고
2024134672,2024년 9월,주간,서울특별시 금천구,경상사고,0,0,1,0,차량단독 - 기타,기타,건조,맑음,단일로 - 기타,승합,남,65세 이상,상해없음,,,,
2024134710,2024년 9월,주간,서울특별시 금천구,경상사고,0,0,1,0,차대차 - 기타,안전거리미확보,건조,맑음,기타 - 기타,승용,남,65세 이상,상해없음,승용,여,31-40세,경상
2024134889,2024년 9월,야간,서울특별시 금천구,부상신고사고,0,0,0,1,차대차 - 기타,안전운전불이행,건조,맑음,단일로 - 기타,승용,남,65세 이상,상해없음,이륜,남,21-30세,부상신고
2024135421,2024년 9월,주간,서울특별시 금천구,중상사고,0,1,0,0,차대사람 - 횡단중,보행자보호의무위반,젖음/습기,비,교차로 - 교차로횡단보도내,승용,남,51-60세,상해없음,보행자,여,61-64세,중상
2024136066,2024년 9월,주간,서울특별시 금천구,경상사고,0,0,1,0,차대차 - 기타,안전운전불이행,젖음/습기,비,단일로 - 기타,승용,남,21-30세,상해없음,이륜,남,21-30세,경상
2024136104,2024년 9월,주간,서울특별시 금천구,경상사고,0,0,1,0,차대차 - 충돌,안전운전불이행,건조,흐림,교차로 - 교차로안,화물,남,61-64세,상해없음,이륜,남,51-60세,경상
2024136145,2024년 9월,주간,서울특별시 금천구,경상사고,0,0,1,0,차대사람 - 횡단중,안전운전불이행,건조,맑음,기타 - 기타,이륜,남,31-40세,상해없음,보행자,여,61-64세,경상
2024136592,2024년 9월,주간,서울특별시 금천구,경상사고,0,0,1,0,차대차 - 기타,안전거리미확보,건조,맑음,교차로 - 교차로안,건설기계,남,21-30세,상해없음,승용,남,41-50세,경상
2024136787,2024년 9월,주간,서울특별시 금천구,경상사고,0,0,1,0,차대사람 - 기타,안전운전불이행,건조,맑음,단일로 - 기타,이륜,남,65세 이상,상해없음,보행자,남,31-40세,경상
2024136899,2024년 9월,주간,서울특별시 금천구,경상사고,0,0,1,0,차대차 - 충돌,안전운전불이행,건조,맑음,기타 - 기타,승합,남,51-60세,상해없음,승용,남,51-60세,경상
2024137666,2024년 9월,주간,서울특별시 금천구,경상사고,0,0,1,0,차량단독 - 기타,안전운전불이행,건조,맑음,교차로 - 교차로부근,승합,남,51-60세,상해없음,,,,
2024137998,2024년 9월,주간,서울특별시 금천구,경상사고,0,0,2,0,차대차 - 기타,안전운전불이행,건조,맑음,교차로 - 교차로안,승용,남,65세 이상,상해없음,승용,여,31-40세,경상
2024138076,2024년 9월,주간,서울특별시 금천구,경상사고,0,0,2,0,차대차 - 충돌,안전거리미확보,건조,맑음,단일로 - 기타,승용,여,51-60세,경상,승용,남,31-40세,경상
2024138619,2024년 9월,야간,서울특별시 금천구,경상사고,0,0,1,0,차대차 - 기타,안전운전불이행,건조,맑음,교차로 - 교차로안,기타불명,기타불명,기타불명,기타불명,승용,남,51-60세,상해없음
2024138702,2024년 9월,주간,서울특별시 금천구,경상사고,0,0,1,0,차대차 - 기타,안전운전불이행,건조,맑음,교차로 - 교차로안,승용,남,21-30세,상해없음,승용,남,31-40세,경상
2024138907,2024년 9월,주간,서울특별시 금천구,중상사고,0,1,0,0,차대사람 - 기타,기타,건조,맑음,단일로 - 기타,승합,남,51-60세,상해없음,보행자,남,65세 이상,중상
2024140111,2024년 9월,주간,서울특별시 금천구,경상사고,0,0,2,0,차대차 - 충돌,안전운전불이행,건조,맑음,기타 - 기타,승용,남,21-30세,경상,승용,남,21-30세,경상
2024140291,2024년 9월,야간,서울특별시 금천구,경상사고,0,0,1,0,차대차 - 기타,안전운전불이행,건조,맑음,단일로 - 기타,개인형이동수단(PM),남,31-40세,경상,기타불명,기타불명,기타불명,기타불명
2024140595,2024년 9월,야간,서울특별시 금천구,경상사고,0,0,1,0,차대차 - 추돌,안전운전불이행,건조,맑음,교차로 - 교차로안,화물,남,41-50세,상해없음,이륜,여,31-40세,경상
2024140861,2024년 9월,주간,서울특별시 금천구,경상사고,0,0,2,0,차대차 - 기타,중앙선침범,건조,맑음,단일로 - 기타,승용,여,41-50세,상해없음,승합,남,51-60세,경상
2024141391,2024년 9월,주간,서울특별시 금천구,중상사고,0,1,0,0,차량단독 - 기타,기타,건조,맑음,단일로 - 기타,승합,남,65세 이상,상해없음,,,,
2024141433,2024년 9월,주간,서울특별시 금천구,경상사고,0,0,1,0,차대차 - 충돌,기타,건조,맑음,교차로 - 교차로안,승용,남,51-60세,기타불명,승용,여,31-40세,경상
2024141557,2024년 9월,주간,서울특별시 금천구,경상사고,0,0,2,0,차대차 - 충돌,안전거리미확보,건조,맑음,단일로 - 기타,승용,남,61-64세,상해없음,승용,남,31-40세,경상
2024142844,2024년 9월,주간,서울특별시 금천구,중상사고,0,1,0,0,차대차 - 충돌,중앙선침범,건조,맑음,교차로 - 교차로안,화물,남,51-60세,상해없음,이륜,여,41-50세,중상
2024142965,2024년 9월,야간,서울특별시 금천구,경상사고,0,0,1,0,차대차 - 기타,신호위반,건조,맑음,기타 - 기타,이륜,남,51-60세,기타불명,승용,여,21-30세,경상
2024143334,2024년 9월,주간,서울특별시 금천구,경상사고,0,0,1,0,차대차 - 충돌,안전운전불이행,건조,맑음,단일로 - 기타,승용,남,31-40세,상해없음,승합,남,51-60세,경상
2024143829,2024년 9월,야간,서울특별시 금천구,경상사고,0,0,1,0,차대차 - 기타,안전운전불이행,건조,맑음,단일로 - 기타,승용,남,51-60세,상해없음,이륜,여,13-20세,경상
2024144124,2024년 9월,주간,서울특별시 금천구,경상사고,0,0,1,0,차대차 - 기타,안전운전불이행,건조,맑음,교차로 - 교차로안,이륜,남,21-30세,상해없음,이륜,남,21-30세,경상
2024144557,2024년 9월,주간,서울특별시 금천구,중상사고,0,1,0,0,차대차 - 충돌,중앙선침범,건조,맑음,기타 - 기타,승용,남,51-60세,상해없음,이륜,남,41-50세,중상
2024144692,2024년 9월,야간,서울특별시 금천구,중상사고,0,1,0,0,차대차 - 기타,안전운전불이행,건조,맑음,교차로 - 교차로안,승용,남,31-40세,상해없음,자전거,남,13-20세,중상
2024144726,2024년 9월,야간,서울특별시 금천구,경상사고,0,0,1,0,차대차 - 기타,안전거리미확보,건조,맑음,단일로 - 터널,승용,여,51-60세,상해없음,승용,남,31-40세,경상
2024145376,2024년 9월,야간,서울특별시 금천구,부상신고사고,0,0,0,1,차대차 - 충돌,신호위반,건조,맑음,교차로 - 교차로횡단보도내,이륜,남,41-50세,부상신고,자전거,남,13-20세,상해없음
2024145420,2024년 9월,야간,서울특별시 금천구,경상사고,0,0,1,0,차대차 - 기타,안전운전불이행,건조,맑음,교차로 - 교차로부근,승용,남,65세 이상,기타불명,승합,남,21-30세,상해없음
2024145788,2024년 10월,주간,서울특별시 금천구,경상사고,0,0,1,0,차대차 - 충돌,안전운전불이행,건조,맑음,단일로 - 기타,승용,남,51-60세,상해없음,이륜,남,41-50세,경상
2024145956,2024년 10월,야간,서울특별시 금천구,경상사고,0,0,3,0,차대차 - 충돌,안전운전불이행,건조,맑음,교차로 - 교차로안,승용,여,65세 이상,경상,승용,남,65세 이상,경상
2024145957,2024년 10월,야간,서울특별시 금천구,경상사고,0,0,1,0,차량단독 - 기타,안전운전불이행,건조,맑음,교차로 - 교차로안,승합,남,51-60세,상해없음,,,,
2024146375,2024년 10월,주간,서울특별시 금천구,중상사고,0,1,0,0,차대사람 - 기타,안전운전불이행,건조,맑음,교차로 - 교차로안,승합,여,21-30세,상해없음,보행자,남,51-60세,중상
2024146499,2024년 10월,야간,서울특별시 금천구,경상사고,0,0,1,0,차대차 - 기타,안전운전불이행,건조,맑음,교차로 - 교차로부근,승용,남,31-40세,상해없음,승용,남,41-50세,경상
2024146869,2024년 10월,주간,서울특별시 금천구,경상사고,0,0,1,0,차대차 - 기타,기타,건조,맑음,교차로 - 교차로안,이륜,남,51-60세,상해없음,이륜,남,41-50세,경상
2024146981,2024년 10월,야간,서울특별시 금천구,경상사고,0,0,1,0,차대사람 - 기타,안전운전불이행,건조,맑음,교차로 - 교차로안,화물,남,65세 이상,상해없음,보행자,여,65세 이상,경상
2024147052,2024년 10월,야간,서울특별시 금천구,경상사고,0,0,1,0,차대차 - 추돌,안전운전불이행,건조,맑음,교차로 - 교차로안,승용,남,31-40세,상해없음,승용,남,41-50세,경상
2024147103,2024년 10월,주간,서울특별시 금천구,사망사고,1,0,0,0,차대차 - 충돌,중앙선침범,건조,맑음,단일로 - 기타,기타불명,남,65세 이상,사망,승용,여,51-60세,상해없음
2024147539,2024년 10월,야간,서울특별시 금천구,경상사고,0,0,1,0,차대차 - 기타,안전운전불이행,건조,맑음,교차로 - 교차로부근,승용,남,41-50세,상해없음,이륜,남,21-30세,경상
2024148013,2024년 10월,주간,서울특별시 금천구,경상사고,0,0,2,0,차대차 - 충돌,안전거리미확보,건조,맑음,단일로 - 기타,승용,여,41-50세,상해없음,승용,여,21-30세,경상
2024148144,2024년 10월,야간,서울특별시 금천구,경상사고,0,0,1,0,차량단독 - 기타,안전운전불이행,건조,맑음,단일로 - 기타,승합,남,65세 이상,상해없음,,,,
2024148248,2024년 10월,야간,서울특별시 금천구,경상사고,0,0,1,0,차대차 - 기타,안전운전불이행,건조,맑음,단일로 - 기타,승용,남,31-40세,경상,승용,남,31-40세,상해없음
2024148353,2024년 10월,주간,서울특별시 금천구,경상사고,0,0,1,0,차대차 - 기타,안전운전불이행,건조,맑음,단일로 - 기타,승합,여,51-60세,상해없음,이륜,남,51-60세,경상
2024149027,2024년 10월,야간,서울특별시 금천구,경상사고,0,0,1,0,차대차 - 기타,안전운전불이행,건조,맑음,단일로 - 기타,승용,남,51-60세,상해없음,승용,여,65세 이상,경상
2024149131,2024년 10월,야간,서울특별시 금천구,경상사고,0,0,1,0,차대차 - 기타,신호위반,건조,맑음,교차로 - 교차로안,자전거,남,41-50세,경상,승용,남,51-60세,상해없음
2024149156,2024년 10월,주간,서울특별시 금천구,경상사고,0,0,1,0,차대차 - 기타,안전운전불이행,건조,맑음,교차로 - 교차로안,이륜,남,61-64세,경상,승용,남,65세 이상,상해없음
2024149285,2024년 10월,주간,서울특별시 금천구,중상사고,0,1,0,0,차대차 - 충돌,안전운전불이행,건조,맑음,교차로 - 교차로안,화물,남,41-50세,상해없음,이륜,남,41-50세,중상
2024149286,2024년 10월,주간,서울특별시 금천구,경상사고,0,0,1,0,차대차 - 기타,안전운전불이행,건조,맑음,교차로 - 교차로부근,승용,남,41-50세,상해없음,승용,남,31-40세,경상
2024149387,2024년 10월,주간,서울특별시 금천구,경상사고,0,0,1,0,차대사람 - 기타,안전운전불이행,건조,맑음,교차로 - 교차로안,승용,여,41-50세,상해없음,보행자,남,65세 이상,경상
2024149492,2024년 10월,주간,서울특별시 금천구,경상사고,0,0,1,0,차대차 - 추돌,안전운전불이행,건조,맑음,교차로 - 교차로부근,승용,남,21-30세,기타불명,승합,남,41-50세,경상
2024149700,2024년 10월,야간,서울특별시 금천구,경상사고,0,0,1,0,차대차 - 기타,안전운전불이행,건조,맑음,기타 - 기타,승합,남,61-64세,상해없음,승용,남,21-30세,경상
2024149874,2024년 10월,주간,서울특별시 금천구,중상사고,0,1,1,0,차대차 - 충돌,안전거리미확보,건조,맑음,단일로 - 기타,승용,남,65세 이상,상해없음,승용,남,65세 이상,상해없음
2024150203,2024년 10월,야간,서울특별시 금천구,중상사고,0,1,0,0,차대차 - 충돌,신호위반,건조,맑음,교차로 - 교차로안,승용,남,65세 이상,상해없음,자전거,남,51-60세,중상
2024150255,2024년 10월,주간,서울특별시 금천구,중상사고,0,1,1,0,차대차 - 충돌,안전운전불이행,건조,맑음,교차로 - 교차로안,승용,여,51-60세,기타불명,승용,남,31-40세,중상
2024150373,2024년 10월,주간,서울특별시 금천구,부상신고사고,0,0,0,1,차대차 - 충돌,안전운전불이행,건조,맑음,단일로 - 기타,개인형이동수단(PM),남,20세 이하,부상신고,승합,남,41-50세,상해없음
2024150374,2024년 10월,주간,서울특별시 금천구,경상사고,0,0,1,0,차대차 - 충돌,안전거리미확보,건조,맑음,단일로 - 기타,승용,남,41-50세,상해없음,승용,남,31-40세,경상
2024150375,2024년 10월,주간,서울특별시 금천구,경상사고,0,0,1,0,차대사람 - 차도통행중,안전운전불이행,건조,맑음,교차로 - 교차로부근,승용,남,61-64세,상해없음,보행자,남,41-50세,경상
2024150570,2024년 10월,주간,서울특별시 금천구,중상사고,0,1,0,0,차대차 - 기타,신호위반,건조,맑음,단일로 - 기타,자전거,남,65세 이상,중상,승용,남,21-30세,상해없음
2024150571,2024년 10월,주간,서울특별시 금천구,경상사고,0,0,1,0,차대차 - 추돌,안전운전불이행,건조,맑음,교차로 - 교차로안,승용,남,61-64세,기타불명,승용,남,41-50세,경상
2024150930,2024년 10월,주간,서울특별시 금천구,경상사고,0,0,1,0,차대차 - 충돌,안전운전불이행,건조,맑음,교차로 - 교차로부근,승합,남,51-60세,상해없음,승용,여,31-40세,경상
2024151150,2024년 10월,주간,서울특별시 금천구,중상사고,0,1,1,0,차대차 - 기타,신호위반,건조,맑음,교차로 - 교차로안,승용,남,21-30세,경상,이륜,남,31-40세,중상
2024151851,2024년 10월,야간,서울특별시 금천구,경상사고,0,0,1,0,차대차 - 충돌,안전거리미확보,건조,맑음,단일로 - 기타,승용,여,31-40세,상해없음,승용,여,51-60세,경상
2024152498,2024년 10월,주간,서울특별시 금천구,중상사고,0,1,0,0,차대사람 - 기타,안전운전불이행,건조,맑음,단일로 - 기타,건설기계,남,51-60세,상해없음,보행자,남,12세 이하,중상
2024152844,2024년 10월,야간,서울특별시 금천구,중상사고,0,1,0,0,차대차 - 기타,안전운전불이행,건조,맑음,단일로 - 기타,승용,남,61-64세,상해없음,승용,남,31-40세,중상
2024153008,2024년 10월,야간,서울특별시 금천구,경상사고,0,0,1,0,차대차 - 추돌,안전운전불이행,건조,맑음,교차로 - 교차로안,승용,여,31-40세,상해없음,승용,여,31-40세,경상
2024153475,2024년 10월,야간,서울특별시 금천구,사망사고,1,0,0,0,차대사람 - 기타,안전운전불이행,건조,맑음,기타 - 기타,화물,남,65세 이상,상해없음,보행자,여,65세 이상,사망
2024153962,2024년 10월,주간,서울특별시 금천구,경상사고,0,0,2,0,차대차 - 충돌,안전운전불이행,건조,맑음,교차로 - 교차로부근,원동기,남,41-50세,경상,승용,남,31-40세,경상
2024156313,2024년 10월,주간,서울특별시 금천구,경상사고,0,0,1,0,차대차 - 기타,안전운전불이행,건조,맑음,교차로 - 교차로부근,승용,남,61-64세,상해없음,이륜,남,31-40세,경상
2024156607,2024년 10월,주간,서울특별시 금천구,경상사고,0,0,1,0,차대차 - 기타,안전운전불이행,건조,맑음,교차로 - 교차로안,승용,남,21-30세,상해없음,이륜,남,41-50세,경상
2024156836,2024년 10월,주간,서울특별시 금천구,중상사고,0,1,0,0,차량단독 - 기타,기타,건조,맑음,단일로 - 기타,승합,남,51-60세,상해없음,,,,
2024156924,2024년 10월,야간,서울특별시 금천구,경상사고,0,0,1,0,차대차 - 충돌,안전운전불이행,건조,맑음,교차로 - 교차로안,승용,여,41-50세,상해없음,승용,여,31-40세,경상
2024157026,2024년 10월,야간,서울특별시 금천구,경상사고,0,0,1,0,차대차 - 기타,안전운전불이행,건조,맑음,기타 - 기타,자전거,남,41-50세,경상,승용,남,51-60세,상해없음
2024157126,2024년 10월,야간,서울특별시 금천구,중상사고,0,1,1,0,차대차 - 추돌,안전운전불이행,건조,맑음,단일로 - 기타,승용,남,31-40세,상해없음,승용,남,41-50세,중상
2024157184,2024년 10월,주간,서울특별시 금천구,경상사고,0,0,1,0,차대차 - 충돌,안전운전불이행,건조,맑음,단일로 - 기타,승용,남,21-30세,상해없음,승용,남,21-30세,경상
2024157368,2024년 10월,주간,서울특별시 금천구,경상사고,0,0,2,0,차대차 - 충돌,기타,건조,맑음,교차로 - 교차로안,승용,여,41-50세,경상,승용,남,65세 이상,경상
2024157593,2024년 10월,야간,서울특별시 금천구,경상사고,0,0,1,0,차대사람 - 보도통행중,기타,젖음/습기,비,교차로 - 교차로부근,원동기,여,31-40세,상해없음,보행자,여,65세 이상,경상
2024157649,2024년 10월,야간,서울특별시 금천구,경상사고,0,0,1,0,차대차 - 기타,안전운전불이행,젖음/습기,비,주차장 - 주차장,승용,여,61-64세,상해없음,승용,남,41-50세,경상
2024157912,2024년 10월,주간,서울특별시 금천구,경상사고,0,0,1,0,차대차 - 추돌,안전운전불이행,건조,맑음,교차로 - 교차로부근,승용,남,65세 이상,상해없음,승용,남,31-40세,경상
2024158002,2024년 10월,주간,서울특별시 금천구,중상사고,0,1,0,0,차대차 - 충돌,신호위반,건조,맑음,교차로 - 교차로안,자전거,여,61-64세,중상,승용,여,41-50세,상해없음
2024158569,2024년 10월,주간,서울특별시 금천구,경상사고,0,0,1,0,차대차 - 기타,안전운전불이행,건조,맑음,단일로 - 기타,승용,남,65세 이상,상해없음,승용,남,31-40세,경상
2024158896,2024년 10월,야간,서울특별시 금천구,경상사고,0,0,1,0,차대차 - 충돌,중앙선침범,건조,맑음,단일로 - 기타,화물,남,51-60세,상해없음,이륜,남,31-40세,경상
2024159323,2024년 10월,주간,서울특별시 금천구,경상사고,0,0,1,0,차대차 - 기타,안전운전불이행,건조,맑음,교차로 - 교차로부근,이륜,남,31-40세,경상,화물,남,51-60세,상해없음
2024159538,2024년 10월,야간,서울특별시 금천구,경상사고,0,0,1,0,차대사람 - 기타,안전운전불이행,건조,맑음,교차로 - 교차로안,승용,남,21-30세,상해없음,보행자,여,21-30세,경상
2024159589,2024년 10월,야간,서울특별시 금천구,경상사고,0,0,1,0,차대차 - 기타,안전운전불이행,건조,맑음,단일로 - 기타,승용,여,31-40세,상해없음,이륜,남,41-50세,경상
2024159856,2024년 10월,주간,서울특별시 금천구,경상사고,0,0,1,0,차대차 - 기타,안전운전불이행,건조,맑음,기타 - 기타,승용,남,65세 이상,기타불명,이륜,남,31-40세,경상
2024160084,2024년 10월,주간,서울특별시 금천구,중상사고,0,1,1,0,차대차 - 충돌,안전거리미확보,건조,맑음,단일로 - 기타,승용,남,51-60세,경상,승용,남,41-50세,중상
2024160130,2024년 10월,주간,서울특별시 금천구,경상사고,0,0,1,0,차량단독 - 기타,안전운전불이행,건조,맑음,기타 - 기타,승합,남,41-50세,상해없음,,,,
2024160422,2024년 10월,주간,서울특별시 금천구,경상사고,0,0,1,0,차대차 - 기타,안전운전불이행,건조,맑음,교차로 - 교차로부근,승용,여,61-64세,상해없음,승용,남,31-40세,경상
2024160621,2024년 10월,야간,서울특별시 금천구,경상사고,0,0,2,0,차대차 - 기타,안전운전불이행,건조,맑음,단일로 - 기타,승용,여,41-50세,상해없음,승용,남,21-30세,경상
2024160726,2024년 10월,야간,서울특별시 금천구,중상사고,0,1,0,0,차대차 - 추돌,안전운전불이행,건조,맑음,교차로 - 교차로부근,승용,남,61-64세,상해없음,이륜,남,61-64세,중상
2024160767,2024년 10월,야간,서울특별시 금천구,경상사고,0,0,1,0,차대차 - 추돌,안전운전불이행,건조,맑음,교차로 - 교차로부근,승용,남,61-64세,상해없음,승용,남,41-50세,경상
2024161208,2024년 10월,야간,서울특별시 금천구,중상사고,0,1,0,0,차량단독 - 기타,안전운전불이행,건조,맑음,단일로 - 기타,승합,남,51-60세,상해없음,,,,
2024161209,2024년 10월,야간,서울특별시 금천구,경상사고,0,0,2,0,차대차 - 기타,안전거리미확보,건조,맑음,기타 - 기타,승용,여,51-60세,상해없음,승용,남,31-40세,경상
2024161641,2024년 10월,주간,서울특별시 금천구,중상사고,0,1,0,0,차대사람 - 기타,안전운전불이행,건조,맑음,교차로 - 교차로안,화물,남,61-64세,상해없음,보행자,남,65세 이상,중상
2024162636,2024년 10월,주간,서울특별시 금천구,경상사고,0,0,1,0,차대차 - 충돌,신호위반,건조,맑음,교차로 - 교차로안,승용,남,65세 이상,상해없음,승용,남,31-40세,경상
2024162790,2024년 10월,주간,서울특별시 금천구,경상사고,0,0,1,0,차대사람 - 횡단중,보행자보호의무위반,건조,맑음,단일로 - 기타,승용,여,31-40세,상해없음,보행자,여,21-30세,경상
2024163025,2024년 10월,주간,서울특별시 금천구,경상사고,0,0,1,0,차대사람 - 기타,안전운전불이행,건조,맑음,단일로 - 기타,승용,여,41-50세,상해없음,보행자,남,65세 이상,경상
2024163073,2024년 10월,야간,서울특별시 금천구,중상사고,0,1,0,0,차대차 - 기타,신호위반,건조,맑음,교차로 - 교차로안,승용,여,21-30세,상해없음,개인형이동수단(PM),남,41-50세,중상
2024163242,2024년 11월,야간,서울특별시 금천구,경상사고,0,0,1,0,차대차 - 충돌,안전운전불이행,건조,맑음,교차로 - 교차로안,승용,남,41-50세,기타불명,원동기,남,21-30세,경상
2024163562,2024년 11월,주간,서울특별시 금천구,경상사고,0,0,1,0,차대차 - 충돌,안전거리미확보,건조,맑음,교차로 - 교차로안,화물,남,51-60세,상해없음,승용,남,65세 이상,상해없음
2024163563,2024년 11월,주간,서울특별시 금천구,경상사고,0,0,1,0,차대차 - 충돌,안전거리미확보,건조,맑음,단일로 - 기타,승용,남,41-50세,상해없음,승용,여,41-50세,경상
2024163836,2024년 11월,야간,서울특별시 금천구,경상사고,0,0,1,0,차대사람 - 횡단중,보행자보호의무위반,건조,맑음,교차로 - 교차로횡단보도내,승합,남,65세 이상,상해없음,보행자,여,21-30세,경상
2024165220,2024년 11월,주간,서울특별시 금천구,경상사고,0,0,1,0,차대사람 - 기타,안전운전불이행,건조,맑음,단일로 - 기타,승합,남,61-64세,상해없음,보행자,남,61-64세,경상
2024166079,2024년 11월,야간,서울특별시 금천구,경상사고,0,0,3,0,차대차 - 기타,안전운전불이행,건조,맑음,단일로 - 기타,승용,남,31-40세,상해없음,승용,여,61-64세,경상
2024166632,2024년 11월,야간,서울특별시 금천구,경상사고,0,0,1,0,차대차 - 충돌,안전거리미확보,건조,맑음,단일로 - 기타,화물,남,65세 이상,상해없음,승용,남,21-30세,경상
2024166837,2024년 11월,주간,서울특별시 금천구,경상사고,0,0,1,0,차대차 - 기타,안전거리미확보,건조,맑음,교차로 - 교차로부근,승용,여,41-50세,경상,기타불명,기타불명,기타불명,기타불명
2024166923,2024년 11월,주간,서울특별시 금천구,경상사고,0,0,1,0,차대차 - 충돌,중앙선침범,건조,맑음,교차로 - 교차로안,승용,여,65세 이상,상해없음,승용,여,31-40세,경상
2024166924,2024년 11월,주간,서울특별시 금천구,경상사고,0,0,1,0,차대차 - 기타,안전운전불이행,건조,맑음,교차로 - 교차로안,승합,남,41-50세,상해없음,승용,남,65세 이상,경상
2024167175,2024년 11월,주간,서울특별시 금천구,경상사고,0,0,1,0,차대차 - 충돌,안전운전불이행,건조,맑음,교차로 - 교차로부근,승용,남,65세 이상,상해없음,이륜,남,21-30세,경상