구분번호,발생년월,주야,시군구,사고내용,사망자수,중상자수,경상자수,부상신고자수,사고유형,법규위반,노면상태,기상상태,도로형태,가해운전자 차종,가해운전자 성별,가해운전자 연령대,가해운전자 상해정도,피해운전자 차종,피해운전자 성별,피해운전자 연령대,피해운전자 상해정도
2024167176,2024년 11월,주간,서울특별시 금천구,경상사고,0,0,1,0,차대차 - 충돌,안전운전불이행,건조,맑음,단일로 - 기타,승용,남,21-30세,상해없음,이륜,남,31-40세,경상
2024167300,2024년 11월,야간,서울특별시 금천구,중상사고,0,1,1,0,차대차 - 충돌,안전운전불이행,건조,맑음,단일로 - 기타,이륜,남,21-30세,중상,이륜,여,21-30세,경상
2024168086,2024년 11월,야간,서울특별시 금천구,중상사고,0,1,0,0,차대사람 - 기타,기타,건조,맑음,단일로 - 기타,이륜,남,20세 이하,상해없음,보행자,여,65세 이상,중상
2024169131,2024년 11월,주간,서울특별시 금천구,경상사고,0,0,1,0,차대사람 - 기타,안전운전불이행,건조,맑음,단일로 - 기타,승용,남,41-50세,상해없음,보행자,남,65세 이상,경상
2024169986,2024년 11월,주간,서울특별시 금천구,경상사고,0,0,1,0,차대사람 - 보도통행중,기타,건조,맑음,기타 - 기타,자전거,남,20세 이하,상해없음,보행자,여,65세 이상,경상
2024170232,2024년 11월,야간,서울특별시 금천구,중상사고,0,1,0,0,차량단독 - 기타,기타,건조,맑음,단일로 - 기타,승합,남,51-60세,상해없음,,,,
2024170645,2024년 11월,주간,서울특별시 금천구,중상사고,0,1,0,0,차대사람 - 기타,안전운전불이행,건조,맑음,단일로 - 기타,승용,여,51-60세,상해없음,보행자,남,51-60세,중상
2024171030,2024년 11월,주간,서울특별시 금천구,경상사고,0,0,1,0,차대사람 - 보도통행중,기타,건조,맑음,기타 - 기타,승용,남,51-60세,상해없음,보행자,여,65세 이상,경상
2024171365,2024년 11월,야간,서울특별시 금천구,경상사고,0,0,1,0,차대차 - 기타,안전운전불이행,건조,맑음,단일로 - 기타,승용,남,65세 이상,기타불명,승용,남,31-40세,경상
2024171645,2024년 11월,주간,서울특별시 금천구,경상사고,0,0,1,0,차대차 - 기타,안전거리미확보,건조,맑음,단일로 - 기타,승용,남,51-60세,상해없음,승용,남,51-60세,경상
2024171991,2024년 11월,야간,서울특별시 금천구,경상사고,0,0,2,0,차대차 - 충돌,기타,건조,맑음,단일로 - 터널,승용,남,51-60세,상해없음,특수,남,21-30세,경상
2024172058,2024년 11월,야간,서울특별시 금천구,경상사고,0,0,2,0,차대사람 - 횡단중,보행자보호의무위반,건조,맑음,교차로 - 교차로부근,원동기,남,21-30세,경상,보행자,여,61-64세,경상
2024172114,2024년 11월,야간,서울특별시 금천구,경상사고,0,0,1,0,차대사람 - 횡단중,안전운전불이행,건조,맑음,교차로 - 교차로안,승합,남,51-60세,상해없음,보행자,남,41-50세,경상
2024172364,2024년 11월,주간,서울특별시 금천구,경상사고,0,0,4,0,차대차 - 충돌,안전거리미확보,건조,맑음,기타 - 기타,승용,남,65세 이상,기타불명,승용,남,31-40세,경상
2024172393,2024년 11월,주간,서울특별시 금천구,경상사고,0,0,1,0,차대사람 - 기타,안전운전불이행,건조,맑음,단일로 - 기타,승용,남,51-60세,상해없음,보행자,남,21-30세,경상
2024172679,2024년 11월,야간,서울특별시 금천구,경상사고,0,0,1,0,차대차 - 충돌,기타,건조,맑음,단일로 - 기타,승용,남,65세 이상,상해없음,원동기,남,21-30세,경상
2024172703,2024년 11월,야간,서울특별시 금천구,경상사고,0,0,1,0,차대차 - 기타,안전거리미확보,건조,맑음,단일로 - 기타,이륜,남,41-50세,상해없음,승용,남,41-50세,경상
2024173077,2024년 11월,야간,서울특별시 금천구,경상사고,0,0,2,0,차대차 - 충돌,신호위반,건조,맑음,교차로 - 교차로안,자전거,여,61-64세,경상,이륜,남,31-40세,경상
2024173485,2024년 11월,주간,서울특별시 금천구,경상사고,0,0,1,0,차대차 - 기타,안전운전불이행,건조,맑음,기타 - 기타,화물,남,21-30세,상해없음,이륜,남,51-60세,경상
2024173700,2024년 11월,야간,서울특별시 금천구,경상사고,0,0,2,0,차대사람 - 기타,신호위반,건조,맑음,교차로 - 교차로횡단보도내,승용,남,61-64세,상해없음,보행자,남,61-64세,경상
2024173739,2024년 11월,야간,서울특별시 금천구,경상사고,0,0,1,0,차대사람 - 횡단중,안전운전불이행,건조,맑음,단일로 - 기타,이륜,남,21-30세,상해없음,보행자,남,51-60세,경상
2024174022,2024년 11월,주간,서울특별시 금천구,경상사고,0,0,1,0,차대사람 - 기타,안전운전불이행,건조,맑음,주차장 - 주차장,승용,남,41-50세,상해없음,보행자,남,51-60세,경상
2024174023,2024년 11월,주간,서울특별시 금천구,경상사고,0,0,1,0,차대차 - 충돌,안전운전불이행,건조,맑음,교차로 - 교차로안,승용,남,65세 이상,상해없음,원동기,남,31-40세,경상
2024174192,2024년 11월,야간,서울특별시 금천구,경상사고,0,0,1,0,차대사람 - 횡단중,안전운전불이행,건조,맑음,교차로 - 교차로횡단보도내,승용,남,31-40세,상해없음,보행자,여,65세 이상,경상
2024174367,2024년 11월,야간,서울특별시 금천구,경상사고,0,0,1,0,차대차 - 기타,안전운전불이행,건조,맑음,단일로 - 기타,화물,남,51-60세,상해없음,이륜,남,21-30세,경상
2024174988,2024년 11월,주간,서울특별시 금천구,경상사고,0,0,1,0,차대차 - 추돌,안전운전불이행,기타,맑음,기타 - 기타,승용,남,21-30세,기타불명,승용,남,41-50세,경상
2024175032,2024년 11월,주간,서울특별시 금천구,경상사고,0,0,1,0,차대차 - 충돌,안전운전불이행,건조,맑음,교차로 - 교차로안,승용,여,51-60세,상해없음,화물,남,41-50세,경상
2024175400,2024년 11월,야간,서울특별시 금천구,부상신고사고,0,0,0,1,차대차 - 충돌,안전운전불이행,젖음/습기,흐림,단일로 - 기타,기타불명,기타불명,기타불명,기타불명,이륜,남,21-30세,부상신고
2024175481,2024년 11월,야간,서울특별시 금천구,경상사고,0,0,2,0,차대차 - 기타,안전운전불이행,건조,맑음,교차로 - 교차로부근,화물,남,65세 이상,상해없음,승용,남,31-40세,경상
2024175646,2024년 11월,주간,서울특별시 금천구,경상사고,0,0,1,0,차대사람 - 횡단중,신호위반,건조,맑음,교차로 - 교차로부근,승합,남,51-60세,상해없음,보행자,여,61-64세,경상
2024175647,2024년 11월,주간,서울특별시 금천구,경상사고,0,0,2,0,차대차 - 기타,안전거리미확보,건조,맑음,단일로 - 기타,승용,여,31-40세,상해없음,승용,남,65세 이상,경상
2024176052,2024년 11월,야간,서울특별시 금천구,경상사고,0,0,1,0,차대차 - 기타,안전운전불이행,건조,맑음,교차로 - 교차로안,승용,남,65세 이상,상해없음,이륜,남,21-30세,경상
2024176231,2024년 11월,주간,서울특별시 금천구,경상사고,0,0,1,0,차대차 - 충돌,안전거리미확보,건조,맑음,단일로 - 기타,승용,여,41-50세,상해없음,건설기계,남,41-50세,경상
2024176758,2024년 11월,주간,서울특별시 금천구,경상사고,0,0,1,0,차대차 - 충돌,안전거리미확보,건조,맑음,단일로 - 지하차도(도로)내,승합,남,65세 이상,상해없음,승용,여,41-50세,경상
2024176844,2024년 11월,주간,서울특별시 금천구,중상사고,0,1,0,0,차대차 - 기타,안전운전불이행,건조,맑음,교차로 - 교차로안,승용,남,65세 이상,상해없음,이륜,남,41-50세,중상
2024176845,2024년 11월,주간,서울특별시 금천구,경상사고,0,0,4,0,차대차 - 충돌,안전거리미확보,건조,맑음,단일로 - 기타,승용,남,41-50세,상해없음,승용,남,41-50세,경상
2024177048,2024년 11월,야간,서울특별시 금천구,사망사고,1,0,0,0,차대차 - 기타,안전운전불이행,건조,맑음,단일로 - 기타,자전거,남,20세 이하,사망,승합,남,65세 이상,상해없음
2024177158,2024년 11월,야간,서울특별시 금천구,경상사고,0,0,1,0,차대차 - 추돌,안전거리미확보,건조,맑음,단일로 - 기타,화물,남,51-60세,상해없음,승용,남,51-60세,경상
2024177387,2024년 11월,주간,서울특별시 금천구,경상사고,0,0,1,0,차대차 - 기타,안전운전불이행,건조,맑음,교차로 - 교차로부근,승용,남,51-60세,상해없음,승용,남,41-50세,경상
2024177574,2024년 11월,야간,서울특별시 금천구,경상사고,0,0,1,0,차대사람 - 기타,안전운전불이행,건조,맑음,단일로 - 기타,승용,남,65세 이상,상해없음,보행자,여,51-60세,경상
2024177773,2024년 11월,야간,서울특별시 금천구,경상사고,0,0,2,0,차대차 - 충돌,안전거리미확보,건조,맑음,단일로 - 기타,화물,남,41-50세,상해없음,화물,남,65세 이상,경상
2024177867,2024년 11월,주간,서울특별시 금천구,경상사고,0,0,1,0,차대차 - 충돌,안전운전불이행,건조,맑음,기타 - 기타,특수,남,31-40세,상해없음,승용,여,41-50세,경상
2024177909,2024년 11월,주간,서울특별시 금천구,경상사고,0,0,1,0,차대차 - 기타,안전운전불이행,건조,맑음,단일로 - 교량,승용,여,51-60세,상해없음,승용,남,41-50세,경상
2024177939,2024년 11월,주간,서울특별시 금천구,경상사고,0,0,1,0,차대사람 - 기타,안전운전불이행,건조,맑음,주차장 - 주차장,원동기,남,65세 이상,상해없음,보행자,여,51-60세,경상
2024178205,2024년 11월,야간,서울특별시 금천구,경상사고,0,0,4,0,차대차 - 충돌,안전운전불이행,젖음/습기,비,교차로 - 교차로안,이륜,남,41-50세,경상,승용,남,31-40세,경상
2024178263,2024년 11월,야간,서울특별시 금천구,경상사고,0,0,1,0,차대차 - 기타,안전운전불이행,건조,맑음,단일로 - 기타,승용,남,65세 이상,상해없음,승합,남,51-60세,상해없음
2024178714,2024년 11월,주간,서울특별시 금천구,경상사고,0,0,2,0,차대차 - 추돌,안전운전불이행,적설,눈,단일로 - 기타,승합,남,61-64세,상해없음,승합,남,51-60세,경상
2024179057,2024년 11월,야간,서울특별시 금천구,경상사고,0,0,1,0,차대차 - 추돌,안전거리미확보,적설,눈,단일로 - 기타,승합,남,41-50세,상해없음,승용,남,65세 이상,경상
2024179085,2024년 11월,야간,서울특별시 금천구,경상사고,0,0,2,0,차대차 - 추돌,안전운전불이행,적설,눈,단일로 - 교량,승용,남,31-40세,기타불명,승용,남,51-60세,경상
2024179186,2024년 11월,주간,서울특별시 금천구,부상신고사고,0,0,0,1,차대차 - 충돌,신호위반,적설,흐림,교차로 - 교차로안,승용,남,31-40세,기타불명,승용,남,31-40세,부상신고
2024179241,2024년 11월,주간,서울특별시 금천구,경상사고,0,0,1,0,차량단독 - 충돌,안전운전불이행,건조,맑음,주차장 - 주차장,승용,남,51-60세,경상,,,,
2024179403,2024년 11월,야간,서울특별시 금천구,경상사고,0,0,1,0,차량단독 - 기타,기타,젖음/습기,흐림,단일로 - 기타,승합,남,51-60세,상해없음,,,,
2024179713,2024년 11월,주간,서울특별시 금천구,경상사고,0,0,2,0,차대차 - 기타,안전운전불이행,건조,맑음,단일로 - 기타,승용,여,31-40세,상해없음,승용,남,41-50세,경상
2024179850,2024년 11월,주간,서울특별시 금천구,경상사고,0,0,1,0,차대차 - 기타,안전운전불이행,건조,맑음,단일로 - 기타,승용,남,65세 이상,상해없음,승용,여,21-30세,경상
2024179880,2024년 11월,주간,서울특별시 금천구,경상사고,0,0,1,0,차대차 - 기타,안전거리미확보,젖음/습기,눈,교차로 - 교차로부근,승용,남,41-50세,상해없음,승용,남,41-50세,경상
2024180287,2024년 11월,주간,서울특별시 금천구,경상사고,0,0,1,0,차대차 - 기타,안전운전불이행,기타,맑음,기타 - 기타,승용,여,31-40세,상해없음,승용,여,41-50세,경상
2024180466,2024년 11월,주간,서울특별시 금천구,중상사고,0,1,0,0,차대차 - 충돌,안전거리미확보,건조,맑음,단일로 - 기타,승용,남,51-60세,상해없음,이륜,남,41-50세,중상
2024180495,2024년 11월,주간,서울특별시 금천구,경상사고,0,0,1,0,차대사람 - 기타,안전운전불이행,젖음/습기,눈,단일로 - 기타,승용,남,51-60세,상해없음,보행자,남,51-60세,경상
2024180724,2024년 12월,주간,서울특별시 금천구,중상사고,0,2,1,0,차대차 - 충돌,신호위반,건조,맑음,교차로 - 교차로안,승용,남,51-60세,중상,승합,남,51-60세,경상
2024180782,2024년 12월,주간,서울특별시 금천구,경상사고,0,0,1,0,차대사람 - 기타,안전운전불이행,젖음/습기,맑음,교차로 - 교차로부근,승합,남,65세 이상,기타불명,보행자,여,65세 이상,경상
2024180851,2024년 12월,주간,서울특별시 금천구,중상사고,0,1,0,0,차대차 - 기타,안전운전불이행,건조,맑음,교차로 - 교차로횡단보도내,자전거,여,61-64세,중상,화물,남,65세 이상,상해없음
2024180957,2024년 12월,야간,서울특별시 금천구,중상사고,0,1,0,0,차대사람 - 횡단중,보행자보호의무위반,건조,맑음,교차로 - 교차로횡단보도내,승용,남,51-60세,상해없음,보행자,여,12세 이하,중상
2024181634,2024년 12월,야간,서울특별시 금천구,경상사고,0,0,2,0,차대사람 - 기타,신호위반,건조,맑음,교차로 - 교차로부근,승합,여,51-60세,상해없음,보행자,남,21-30세,경상
2024181650,2024년 12월,야간,서울특별시 금천구,경상사고,0,0,1,0,차대사람 - 기타,안전운전불이행,건조,맑음,기타 - 기타,승용,여,61-64세,상해없음,보행자,남,41-50세,경상
2024181827,2024년 12월,주간,서울특별시 금천구,경상사고,0,0,1,0,차대차 - 충돌,안전운전불이행,건조,맑음,교차로 - 교차로안,이륜,남,20세 이하,상해없음,이륜,남,21-30세,경상
2024181855,2024년 12월,주간,서울특별시 금천구,경상사고,0,0,1,0,차대사람 - 길가장자리구역통행중,안전운전불이행,건조,맑음,단일로 - 기타,승용,남,41-50세,상해없음,보행자,여,21-30세,경상
2024181985,2024년 12월,주간,서울특별시 금천구,부상신고사고,0,0,0,1,차대차 - 충돌,안전운전불이행,건조,맑음,단일로 - 기타,자전거,여,65세 이상,부상신고,승용,남,31-40세,상해없음
2024182164,2024년 12월,야간,서울특별시 금천구,경상사고,0,0,1,1,차대차 - 충돌,안전운전불이행,건조,맑음,단일로 - 기타,원동기,남,31-40세,부상신고,자전거,여,41-50세,경상
2024182205,2024년 12월,야간,서울특별시 금천구,경상사고,0,0,1,0,차대차 - 추돌,안전운전불이행,건조,맑음,교차로 - 교차로부근,승용,남,41-50세,상해없음,승용,남,51-60세,경상
2024182315,2024년 12월,주간,서울특별시 금천구,중상사고,0,1,0,0,차량단독 - 기타,기타,건조,맑음,단일로 - 기타,승합,남,51-60세,상해없음,,,,
2024183143,2024년 12월,야간,서울특별시 금천구,경상사고,0,0,2,0,차대사람 - 기타,안전운전불이행,건조,맑음,단일로 - 기타,이륜,남,41-50세,경상,보행자,여,21-30세,경상
2024183192,2024년 12월,야간,서울특별시 금천구,경상사고,0,0,1,0,차대차 - 추돌,안전운전불이행,서리/결빙,비,단일로 - 기타,승용,남,31-40세,상해없음,승용,남,31-40세,경상
2024183478,2024년 12월,주간,서울특별시 금천구,경상사고,0,0,1,0,차대차 - 기타,안전운전불이행,건조,맑음,단일로 - 기타,승용,남,65세 이상,상해없음,승용,남,65세 이상,경상
2024183479,2024년 12월,주간,서울특별시 금천구,중상사고,0,2,0,0,차대차 - 추돌,안전운전불이행,건조,맑음,교차로 - 교차로안,건설기계,남,51-60세,기타불명,승용,남,31-40세,중상
2024183480,2024년 12월,주간,서울특별시 금천구,부상신고사고,0,0,0,1,차대차 - 충돌,신호위반,건조,맑음,교차로 - 교차로안,승용,남,65세 이상,상해없음,화물,남,31-40세,부상신고
2024184516,2024년 12월,주간,서울특별시 금천구,경상사고,0,0,3,0,차대차 - 충돌,안전운전불이행,건조,맑음,단일로 - 기타,승합,남,51-60세,상해없음,승용,남,41-50세,경상
2024184552,2024년 12월,주간,서울특별시 금천구,경상사고,0,0,1,0,차대차 - 충돌,신호위반,건조,맑음,교차로 - 교차로횡단보도내,승용,남,61-64세,상해없음,자전거,남,61-64세,경상
2024185013,2024년 12월,주간,서울특별시 금천구,경상사고,0,0,2,0,차대차 - 충돌,신호위반,건조,맑음,교차로 - 교차로안,이륜,남,21-30세,경상,이륜,남,31-40세,경상
2024185464,2024년 12월,주간,서울특별시 금천구,부상신고사고,0,0,0,1,차대차 - 기타,안전운전불이행,건조,맑음,단일로 - 기타,승용,남,41-50세,상해없음,이륜,남,31-40세,부상신고
2024185590,2024년 12월,주간,서울특별시 금천구,부상신고사고,0,0,0,1,차대사람 - 횡단중,신호위반,건조,맑음,교차로 - 교차로횡단보도내,기타불명,기타불명,기타불명,기타불명,보행자,남,51-60세,부상신고
2024185686,2024년 12월,야간,서울특별시 금천구,경상사고,0,0,1,0,차대사람 - 횡단중,보행자보호의무위반,건조,맑음,기타 - 기타,승용,여,61-64세,상해없음,보행자,여,31-40세,경상
2024185748,2024년 12월,야간,서울특별시 금천구,경상사고,0,0,1,0,차대사람 - 기타,안전운전불이행,건조,맑음,단일로 - 기타,이륜,남,21-30세,상해없음,보행자,남,65세 이상,경상
2024185811,2024년 12월,야간,서울특별시 금천구,경상사고,0,0,2,0,차대차 - 기타,안전거리미확보,건조,맑음,기타 - 기타,승용,남,51-60세,상해없음,승용,남,21-30세,경상
2024186027,2024년 12월,주간,서울특별시 금천구,경상사고,0,0,1,0,차대사람 - 횡단중,보행자보호의무위반,건조,맑음,교차로 - 교차로횡단보도내,화물,남,61-64세,상해없음,보행자,여,61-64세,경상
2024186277,2024년 12월,야간,서울특별시 금천구,경상사고,0,0,1,0,차대차 - 충돌,안전운전불이행,건조,맑음,교차로 - 교차로안,승합,남,65세 이상,상해없음,승용,남,21-30세,경상
2024186520,2024년 12월,주간,서울특별시 금천구,중상사고,0,2,5,0,차대차 - 충돌,기타,건조,맑음,단일로 - 지하차도(도로)내,승용,남,65세 이상,중상,승용,여,21-30세,경상
2024186694,2024년 12월,주간,서울특별시 금천구,경상사고,0,0,1,0,차대사람 - 기타,안전운전불이행,건조,맑음,단일로 - 기타,화물,남,51-60세,상해없음,보행자,남,61-64세,경상
2024186758,2024년 12월,야간,서울특별시 금천구,부상신고사고,0,0,0,1,차대사람 - 기타,안전운전불이행,건조,맑음,교차로 - 교차로안,화물,남,65세 이상,상해없음,보행자,남,65세 이상,부상신고
2024186759,2024년 12월,야간,서울특별시 금천구,경상사고,0,0,1,0,차대차 - 충돌,안전거리미확보,건조,맑음,교차로 - 교차로부근,승용,남,31-40세,기타불명,승용,남,51-60세,경상
2024187062,2024년 12월,주간,서울특별시 금천구,경상사고,0,0,1,0,차대차 - 추돌,안전운전불이행,건조,맑음,단일로 - 기타,화물,남,41-50세,상해없음,이륜,남,41-50세,경상
2024187371,2024년 12월,야간,서울특별시 금천구,경상사고,0,0,1,0,차대차 - 충돌,안전거리미확보,건조,맑음,단일로 - 기타,승용,남,51-60세,상해없음,승용,여,21-30세,경상
2024187473,2024년 12월,주간,서울특별시 금천구,중상사고,0,1,0,0,차대사람 - 횡단중,안전운전불이행,건조,맑음,교차로 - 교차로안,승용,남,21-30세,상해없음,보행자,남,41-50세,중상
2024187582,2024년 12월,주간,서울특별시 금천구,중상사고,0,1,0,0,차대사람 - 길가장자리구역통행중,안전운전불이행,건조,맑음,기타 - 기타,승용,여,51-60세,상해없음,보행자,여,65세 이상,중상
2024187618,2024년 12월,주간,서울특별시 금천구,중상사고,0,1,1,0,차대차 - 충돌,안전운전불이행,건조,맑음,단일로 - 기타,승용,남,61-64세,상해없음,승용,남,31-40세,중상
2024187728,2024년 12월,주간,서울특별시 금천구,경상사고,0,0,2,1,차대차 - 충돌,안전거리미확보,건조,맑음,교차로 - 교차로안,승용,여,31-40세,상해없음,승용,남,31-40세,경상
2024188037,2024년 12월,주간,서울특별시 금천구,경상사고,0,0,1,0,차대사람 - 횡단중,신호위반,건조,맑음,교차로 - 교차로횡단보도내,승용,남,65세 이상,상해없음,보행자,여,51-60세,경상
2024188095,2024년 12월,주간,서울특별시 금천구,경상사고,0,0,1,0,차대차 - 기타,안전거리미확보,건조,맑음,교차로 - 교차로안,화물,남,51-60세,상해없음,승용,남,31-40세,경상
2024188700,2024년 12월,야간,서울특별시 금천구,경상사고,0,0,2,0,차대차 - 추돌,안전운전불이행,건조,맑음,단일로 - 기타,승용,남,21-30세,상해없음,승용,남,31-40세,경상
2024188712,2024년 12월,야간,서울특별시 금천구,경상사고,0,0,1,0,차대사람 - 기타,기타,건조,맑음,기타 - 기타,승용,여,21-30세,상해없음,보행자,남,51-60세,경상
2024188713,2024년 12월,야간,서울특별시 금천구,경상사고,0,0,1,0,차량단독 - 기타,기타,건조,맑음,단일로 - 기타,승합,남,41-50세,상해없음,,,,
2024188750,2024년 12월,야간,서울특별시 금천구,경상사고,0,0,1,0,차대차 - 기타,안전거리미확보,건조,맑음,기타 - 기타,승용,남,61-64세,상해없음,승용,남,41-50세,경상
2024188931,2024년 12월,주간,서울특별시 금천구,부상신고사고,0,0,0,1,차대차 - 충돌,안전운전불이행,건조,맑음,단일로 - 기타,원동기,남,65세 이상,부상신고,승용,남,41-50세,상해없음
2024189514,2024년 12월,주간,서울특별시 금천구,경상사고,0,0,3,0,차대차 - 기타,안전운전불이행,건조,맑음,단일로 - 기타,승용,남,31-40세,기타불명,승합,남,41-50세,경상
2024189677,2024년 12월,주간,서울특별시 금천구,경상사고,0,0,1,0,차대사람 - 기타,안전운전불이행,건조,맑음,단일로 - 기타,기타불명,기타불명,기타불명,기타불명,보행자,남,65세 이상,경상
2024189961,2024년 12월,주간,서울특별시 금천구,경상사고,0,0,2,0,차대차 - 충돌,안전거리미확보,건조,맑음,단일로 - 기타,승용,여,51-60세,경상,승합,남,31-40세,경상
2024190235,2024년 12월,주간,서울특별시 금천구,중상사고,0,2,0,0,차대차 - 기타,안전운전불이행,건조,맑음,교차로 - 교차로안,화물,남,41-50세,상해없음,이륜,남,51-60세,중상
2024190277,2024년 12월,야간,서울특별시 금천구,경상사고,0,0,1,0,차대차 - 기타,안전거리미확보,건조,맑음,기타 - 기타,승용,남,65세 이상,기타불명,승용,남,31-40세,경상
2024190464,2024년 12월,야간,서울특별시 금천구,경상사고,0,0,3,0,차대차 - 추돌,안전운전불이행,건조,맑음,단일로 - 기타,승용,남,31-40세,상해없음,승용,여,31-40세,경상
2024190691,2024년 12월,주간,서울특별시 금천구,경상사고,0,0,1,0,차대차 - 기타,안전거리미확보,건조,맑음,교차로 - 교차로안,승합,남,41-50세,상해없음,승용,남,41-50세,상해없음
2024190714,2024년 12월,주간,서울특별시 금천구,중상사고,0,1,0,0,차대차 - 충돌,신호위반,건조,맑음,교차로 - 교차로안,원동기,남,31-40세,중상,화물,남,41-50세,상해없음
2024190898,2024년 12월,야간,서울특별시 금천구,경상사고,0,0,2,0,차대차 - 충돌,안전운전불이행,건조,맑음,교차로 - 교차로안,승용,남,51-60세,기타불명,승용,여,31-40세,경상
2024191253,2024년 12월,주간,서울특별시 금천구,경상사고,0,0,1,0,차대차 - 기타,안전운전불이행,건조,맑음,단일로 - 기타,승합,남,65세 이상,상해없음,승용,남,31-40세,경상
2024191405,2024년 12월,야간,서울특별시 금천구,경상사고,0,0,2,0,차대차 - 추돌,안전운전불이행,건조,맑음,단일로 - 기타,승용,남,41-50세,상해없음,승용,남,51-60세,경상
2024191863,2024년 12월,야간,서울특별시 금천구,경상사고,0,0,1,0,차대차 - 추돌,안전운전불이행,건조,맑음,교차로 - 교차로부근,승용,남,51-60세,기타불명,승용,여,31-40세,경상
2024192137,2024년 12월,주간,서울특별시 금천구,중상사고,0,1,0,0,차대사람 - 횡단중,신호위반,건조,맑음,단일로 - 기타,이륜,남,41-50세,상해없음,보행자,여,21-30세,중상
2024192266,2024년 12월,주간,서울특별시 금천구,경상사고,0,0,1,0,차대차 - 충돌,안전거리미확보,건조,맑음,단일로 - 기타,승용,여,51-60세,상해없음,화물,남,41-50세,경상
2024192355,2024년 12월,야간,서울특별시 금천구,중상사고,0,1,0,0,차대차 - 기타,안전운전불이행,건조,맑음,교차로 - 교차로부근,화물,남,61-64세,상해없음,이륜,남,65세 이상,중상
2024192545,2024년 12월,야간,서울특별시 금천구,경상사고,0,0,1,0,차대차 - 충돌,안전거리미확보,건조,맑음,단일로 - 기타,기타불명,기타불명,기타불명,기타불명,화물,남,51-60세,상해없음
2024194190,2024년 12월,주간,서울특별시 금천구,중상사고,0,1,0,0,차대사람 - 횡단중,보행자보호의무위반,건조,맑음,단일로 - 기타,승용,남,41-50세,상해없음,보행자,남,65세 이상,중상
2024194531,2024년 12월,야간,서울특별시 금천구,부상신고사고,0,0,0,1,차대사람 - 기타,안전운전불이행,건조,맑음,단일로 - 기타,승용,남,61-64세,상해없음,보행자,남,31-40세,부상신고
2024194574,2024년 12월,야간,서울특별시 금천구,경상사고,0,0,1,0,차대사람 - 횡단중,안전운전불이행,건조,맑음,교차로 - 교차로횡단보도내,승용,여,31-40세,상해없음,보행자,남,61-64세,경상
2024194899,2024년 12월,야간,서울특별시 금천구,경상사고,0,0,1,0,차대차 - 기타,안전거리미확보,건조,맑음,단일로 - 기타,이륜,남,51-60세,경상,승용,여,21-30세,기타불명
2024194979,2024년 12월,야간,서울특별시 금천구,부상신고사고,0,0,0,1,차대사람 - 차도통행중,안전운전불이행,건조,맑음,단일로 - 기타,승용,여,21-30세,상해없음,보행자,여,13-20세,부상신고
2024194990,2024년 12월,야간,서울특별시 금천구,경상사고,0,0,1,0,차대차 - 충돌,안전운전불이행,건조,맑음,교차로 - 교차로부근,승용,남,41-50세,기타불명,승용,남,41-50세,경상
2024195195,2024년 12월,야간,서울특별시 금천구,경상사고,0,0,1,0,차대차 - 충돌,신호위반,건조,맑음,교차로 - 교차로안,승용,남,65세 이상,상해없음,화물,남,21-30세,경상
2024195248,2024년 12월,야간,서울특별시 금천구,경상사고,0,0,1,0,차대차 - 충돌,신호위반,건조,맑음,교차로 - 교차로횡단보도내,승용,남,51-60세,상해없음,자전거,여,51-60세,경상
2024195478,2024년 12월,주간,서울특별시 금천구,경상사고,0,0,1,0,차량단독 - 기타,안전운전불이행,건조,맑음,단일로 - 기타,승합,남,51-60세,상해없음,,,,
2024195539,2024년 12월,주간,서울특별시 금천구,경상사고,0,0,1,0,차대차 - 충돌,안전운전불이행,건조,맑음,기타 - 기타,승합,남,65세 이상,상해없음,화물,남,61-64세,경상
2024195763,2024년 12월,야간,서울특별시 금천구,경상사고,0,0,1,0,차대차 - 기타,안전운전불이행,건조,맑음,교차로 - 교차로부근,이륜,남,51-60세,경상,승용,여,51-60세,상해없음
2024195954,2024년 12월,주간,서울특별시 금천구,경상사고,0,0,1,0,차대차 - 충돌,안전운전불이행,건조,맑음,교차로 - 교차로부근,이륜,남,31-40세,상해없음,이륜,남,21-30세,경상
2024195955,2024년 12월,주간,서울특별시 금천구,중상사고,0,1,2,0,차대차 - 충돌,신호위반,건조,맑음,교차로 - 교차로부근,승용,남,65세 이상,경상,승용,남,51-60세,중상
2024195991,2024년 12월,주간,서울특별시 금천구,경상사고,0,0,2,0,차대차 - 추돌,안전운전불이행,건조,맑음,단일로 - 교량,승용,남,21-30세,상해없음,승용,남,41-50세,경상